Workbook
Name iIndustry: '[1]Step 1 - Fill in Details'!$Q$18
Name iIndustry: 'Step 1 - Fill in Details'!$Q$18
Name iTechnology: '[1]Step 1 - Fill in Details'!$Q$8
Name iTechnology: 'Step 1 - Fill in Details'!$Q$8
Name ToSort: #REF!

Sheet GARTNER LEADER'S TOOL
B11: Unless otherwise marked for external use, the items in this Gartner Tool are for internal noncommercial use by the licensed Gartner client. The materials contained in this Tool may not be repackaged or resold. Gartner makes no representations or warranties as to the suitability of this Tool for any particular purpose, and disclaims all liabilities for any damages, whether direct, consequential, incidental or special, arising out of the use of or inability to use this material or the information provided herein.
B13: The instructions, intent and objective of this template are contained in the source document. Please refer to that document for details.

Sheet Step 0 - About Prism
B6: Table of Contents
B9: Step 1 - Fill in Details | D9: INPUT: This sheet should be filled in with the use cases in-scope, the dimensions that will aggregate up position based on business value and feasibility (weightings can also be adjusted on this sheet), and the project title and domain if required.
B10: Step 2 - Scoring | D10: INPUT: This sheet is used to input / update the scores for each use case in-scope.
B11: Step 3 - Create Pipeline | D11: INPUT: This sheet allows users to map use cases against a relevant pipeline or workflow if required.
B12: (VIEW) Symbol Sheet | D12: READ-ONLY: This sheet should be filled in with the use cases in-scope, the dimensions that will aggregate up position based on business value and feasibility, and the project title and domain if required.
B13: (VIEW) Prism | D13: READ-ONLY: This sheet should be filled in with the use cases in-scope, the dimensions that will aggregate up position based on business value and feasibility, and the project title and domain if required.
B17: Additional information and resources
B20: Overview of Gartner Prisms | D20: A directory of all resources related to Prisms, including a library of published Prisms and additional supporting material for project managers, sponsors and contributors.
B21: Toolkit Slides: Build Your Own Prism

Sheet Step 1 - Fill in Details
C3: Title | E3: Infographic: AI Use Case Prism for XYZ
C4: Short Description | E4: This infographic identifies NN of the most prominent AI use cases that can improve XYZ. Data and analytics leaders in XYZ can use this as a starting point for further fine-tuning.
K5: Values must sum to 100%
C6: Use Case Name | E6: Use Case Description
B7: UC1 | C7: Example Use Case 1 | D7: =AND(C7<>B7,NOT(ISBLANK(C7))) -> TRUE | L7: Business Value | Q7: Technology
B8: UC2 | C8: Example Use Case 2 | D8: =AND(C8<>B8,NOT(ISBLANK(C8))) -> TRUE | L8: Dimension | M8: Weight
B9: UC3 | C9: UC3 | D9: =AND(C9<>B9,NOT(ISBLANK(C9))) -> FALSE | J9: =COUNTIF($N$9:N9,FALSE()) -> 1 | K9: D1 | L9: Cost Reduction | M9: 0.3 | N9: =K9=L9 -> FALSE | P9: D1 | S9: =P9=Q9 -> FALSE
B10: UC4 | C10: UC4 | D10: =AND(C10<>B10,NOT(ISBLANK(C10))) -> FALSE | J10: =COUNTIF($N$9:N10,FALSE()) -> 2 | K10: D2 | L10: Revenue Optimization | M10: 0.4 | N10: =K10=L10 -> FALSE | P10: D2 | S10: =P10=Q10 -> FALSE
B11: UC5 | C11: UC5 | D11: =AND(C11<>B11,NOT(ISBLANK(C11))) -> FALSE | J11: =COUNTIF($N$9:N11,FALSE()) -> 3 | K11: D3 | L11: CX Improvement | M11: 0.3 | N11: =K11=L11 -> FALSE | P11: D3 | S11: =P11=Q11 -> FALSE
B12: UC6 | C12: UC6 | D12: =AND(C12<>B12,NOT(ISBLANK(C12))) -> FALSE | J12: =COUNTIF($N$9:N12,FALSE()) -> 3 | K12: D4 | L12: D4 | N12: =K12=L12 -> TRUE | P12: D4 | S12: =P12=Q12 -> FALSE
B13: UC7 | C13: UC7 | D13: =AND(C13<>B13,NOT(ISBLANK(C13))) -> FALSE | J13: =COUNTIF($N$9:N13,FALSE()) -> 3 | K13: D5 | L13: D5 | N13: =K13=L13 -> TRUE | P13: D5 | S13: =P13=Q13 -> FALSE
B14: UC8 | C14: UC8 | D14: =AND(C14<>B14,NOT(ISBLANK(C14))) -> FALSE | J14: =COUNTIF($N$9:N14,FALSE()) -> 3 | M14: =SUM(M9:M13) -> 1 | N14: =M14=1 -> TRUE
B15: UC9 | C15: UC9 | D15: =AND(C15<>B15,NOT(ISBLANK(C15))) -> FALSE | J15: =COUNTIF($N$9:N15,FALSE()) -> 3
B16: UC10 | C16: UC10 | D16: =AND(C16<>B16,NOT(ISBLANK(C16))) -> FALSE | J16: =COUNTIF($N$9:N16,FALSE()) -> 3
B17: UC11 | C17: UC11 | D17: =AND(C17<>B17,NOT(ISBLANK(C17))) -> FALSE | J17: =COUNTIF($N$9:N17,FALSE()) -> 3 | L17: Feasibility | Q17: Industry
B18: UC12 | C18: UC12 | D18: =AND(C18<>B18,NOT(ISBLANK(C18))) -> FALSE | J18: =COUNTIF($N$9:N18,FALSE()) -> 3 | L18: Dimension | M18: Weight | Q18: Lorem Ipsum
B19: UC13 | C19: UC13 | D19: =AND(C19<>B19,NOT(ISBLANK(C19))) -> FALSE | J19: =COUNTIF($N$9:N19,FALSE()) -> 4 | K19: D1 | L19: Technical | M19: 0.3 | N19: =K19=L19 -> FALSE | P19: D1 | S19: =P19=Q19 -> FALSE
B20: UC14 | C20: UC14 | D20: =AND(C20<>B20,NOT(ISBLANK(C20))) -> FALSE | J20: =COUNTIF($N$9:N20,FALSE()) -> 5 | K20: D2 | L20: Internal | M20: 0.4 | N20: =K20=L20 -> FALSE | P20: D2 | S20: =P20=Q20 -> FALSE
B21: UC15 | C21: UC15 | D21: =AND(C21<>B21,NOT(ISBLANK(C21))) -> FALSE | J21: =COUNTIF($N$9:N21,FALSE()) -> 6 | K21: D3 | L21: External | M21: 0.3 | N21: =K21=L21 -> FALSE | P21: D3 | S21: =P21=Q21 -> FALSE
B22: UC16 | C22: UC16 | D22: =AND(C22<>B22,NOT(ISBLANK(C22))) -> FALSE | J22: =COUNTIF($N$9:N22,FALSE()) -> 6 | K22: D4 | L22: D4 | N22: =K22=L22 -> TRUE | P22: D4 | S22: =P22=Q22 -> FALSE
B23: UC17 | C23: UC17 | D23: =AND(C23<>B23,NOT(ISBLANK(C23))) -> FALSE | J23: =COUNTIF($N$9:N23,FALSE()) -> 6 | K23: D5 | L23: D5 | N23: =K23=L23 -> TRUE | P23: D5 | S23: =P23=Q23 -> FALSE
B24: UC18 | C24: UC18 | D24: =AND(C24<>B24,NOT(ISBLANK(C24))) -> FALSE | M24: =SUM(M19:M23) -> 1 | N24: =M24=1 -> TRUE
B25: UC19 | C25: UC19 | D25: =AND(C25<>B25,NOT(ISBLANK(C25))) -> FALSE
B26: UC20 | C26: UC20 | D26: =AND(C26<>B26,NOT(ISBLANK(C26))) -> FALSE
B27: UC21 | C27: UC21 | D27: =AND(C27<>B27,NOT(ISBLANK(C27))) -> FALSE | K27: # | L27: Dimension | N27: Dimension Description
B28: UC22 | C28: UC22 | D28: =AND(C28<>B28,NOT(ISBLANK(C28))) -> FALSE | H28: =K28 -> 1 | I28: =J28=L28 -> FALSE | J28: D1 | K28: =INDEX($J$9:$L$23,MATCH(L28,$L$9:$L$23,0),1) -> 1 | L28: =L9 -> Cost Reduction | N28: Lorem ipso factum | S28: =K28 -> 1 | T28: =L28&" - "&N28 -> Cost Reduction - Lorem ipso factum
B29: UC23 | C29: UC23 | D29: =AND(C29<>B29,NOT(ISBLANK(C29))) -> FALSE | H29: =K29 -> 2 | I29: =J29=L29 -> FALSE | J29: D2 | K29: =INDEX($J$9:$L$23,MATCH(L29,$L$9:$L$23,0),1) -> 2 | L29: =L10 -> Revenue Optimization | N29: Lorem ipso factum | S29: =K29 -> 2 | T29: =L29&" - "&N29 -> Revenue Optimization - Lorem ipso factum
B30: UC24 | C30: UC24 | D30: =AND(C30<>B30,NOT(ISBLANK(C30))) -> FALSE | H30: =K30 -> 3 | I30: =J30=L30 -> FALSE | J30: D3 | K30: =INDEX($J$9:$L$23,MATCH(L30,$L$9:$L$23,0),1) -> 3 | L30: =L11 -> CX Improvement | N30: Lorem ipso factum | S30: =K30 -> 3 | T30: =L30&" - "&N30 -> CX Improvement - Lorem ipso factum
B31: UC25 | C31: UC25 | D31: =AND(C31<>B31,NOT(ISBLANK(C31))) -> FALSE | H31: =K31 -> 3 | I31: =J31=L31 -> TRUE | J31: D4 | K31: =INDEX($J$9:$L$23,MATCH(L31,$L$9:$L$23,0),1) -> 3 | L31: =L12 -> D4 | S31: =K31 -> 3 | T31: =L31&" - "&N31 -> D4 -
H32: =K32 -> 3 | I32: =J32=L32 -> TRUE | J32: D5 | K32: =INDEX($J$9:$L$23,MATCH(L32,$L$9:$L$23,0),1) -> 3 | L32: =L13 -> D5 | S32: =K32 -> 3 | T32: =L32&" - "&N32 -> D5 -
C33: Pipeline | E33: Description | H33: =K33 -> 4 | I33: =J33=L33 -> FALSE | J33: D1 | K33: =INDEX($J$9:$L$23,MATCH(L33,$L$9:$L$23,0),1) -> 4 | L33: =L19 -> Technical | N33: Lorem ipso factum | S33: =K33 -> 4 | T33: =L33&" - "&N33 -> Technical - Lorem ipso factum
B34: Pipeline Item #1 | C34: Example pipeline item | H34: =K34 -> 5 | I34: =J34=L34 -> FALSE | J34: D2 | K34: =INDEX($J$9:$L$23,MATCH(L34,$L$9:$L$23,0),1) -> 5 | L34: =L20 -> Internal | N34: Lorem ipso factum | S34: =K34 -> 5 | T34: =L34&" - "&N34 -> Internal - Lorem ipso factum
B35: Pipeline Item #2 | C35: Pipeline Item #2 | H35: =K35 -> 6 | I35: =J35=L35 -> FALSE | J35: D3 | K35: =INDEX($J$9:$L$23,MATCH(L35,$L$9:$L$23,0),1) -> 6 | L35: =L21 -> External | N35: Lorem ipso factum | S35: =K35 -> 6 | T35: =L35&" - "&N35 -> External - Lorem ipso factum
B36: Pipeline Item #3 | C36: Pipeline Item #3 | H36: =K36 -> 3 | I36: =J36=L36 -> TRUE | J36: D4 | K36: =INDEX($J$9:$L$23,MATCH(L36,$L$9:$L$23,0),1) -> 3 | L36: =L22 -> D4 | S36: =K36 -> 3 | T36: =L36&" - "&N36 -> D4 -
B37: Pipeline Item #4 | C37: Pipeline Item #4 | H37: =K37 -> 3 | I37: =J37=L37 -> TRUE | J37: D5 | K37: =INDEX($J$9:$L$23,MATCH(L37,$L$9:$L$23,0),1) -> 3 | L37: =L23 -> D5 | S37: =K37 -> 3 | T37: =L37&" - "&N37 -> D5 -
B38: Pipeline Item #5 | C38: Pipeline Item #5
B39: Pipeline Item #6 | C39: Pipeline Item #6

Sheet Step 2 - Scoring
A2: Sum of either the business value factors or feasibility value factors is not equal to 100% - Please go back to Step 1. | C2: No Contribution | D2: Low Contribution | E2: Medium Contribution | F2: High Contribution | G2: Outstanding Contribuion | I2: Impossible | J2: Challenging | K2: Complicated | L2: Doable | M2: Easy
C3: 0 | D3: 1 | E3: 2 | F3: 3 | G3: 4 | I3: 0 | J3: 1 | K3: 2 | L3: 3 | M3: 4
C4: =NOT('Step 1 - Fill in Details'!$N$9) -> TRUE | D4: =NOT('Step 1 - Fill in Details'!$N$10) -> TRUE | E4: =NOT('Step 1 - Fill in Details'!$N$11) -> TRUE | F4: =NOT('Step 1 - Fill in Details'!$N12) -> FALSE | G4: =NOT('Step 1 - Fill in Details'!$N$13) -> FALSE | I4: =NOT('Step 1 - Fill in Details'!$N$19) -> TRUE | J4: =NOT('Step 1 - Fill in Details'!$N$20) -> TRUE | K4: =NOT('Step 1 - Fill in Details'!$N$21) -> TRUE | L4: =NOT('Step 1 - Fill in Details'!$N$22) -> FALSE | M4: =NOT('Step 1 - Fill in Details'!$N$23) -> FALSE
C5: =iTechnology&" use cases in "&iIndustry&" industry" -> use cases in Lorem Ipsum industry
C7: Business Value | I7: Feasibility | O7: Rankings
C8: =SUM(C10:G10)=1 -> TRUE | I8: =SUM(I10:M10)=1 -> TRUE
C9: =IF(NOT('Step 1 - Fill in Details'!N9),'Step 1 - Fill in Details'!L9,"") -> Cost Reduction | D9: =IF(NOT('Step 1 - Fill in Details'!N10),'Step 1 - Fill in Details'!L10,"") -> Revenue Optimization | E9: =IF(NOT('Step 1 - Fill in Details'!N11),'Step 1 - Fill in Details'!L11,"") -> CX Improvement | F9: =IF(NOT('Step 1 - Fill in Details'!N12),'Step 1 - Fill in Details'!L12,"") | G9: =IF(NOT('Step 1 - Fill in Details'!N13),'Step 1 - Fill in Details'!L13,"") | I9: =IF(NOT('Step 1 - Fill in Details'!N19),'Step 1 - Fill in Details'!L19,"") -> Technical | J9: =IF(NOT('Step 1 - Fill in Details'!N20),'Step 1 - Fill in Details'!L20,"") -> Internal | K9: =IF(NOT('Step 1 - Fill in Details'!N21),'Step 1 - Fill in Details'!L21,"") -> External | L9: =IF(NOT('Step 1 - Fill in Details'!N22),'Step 1 - Fill in Details'!L22,"") | M9: =IF(NOT('Step 1 - Fill in Details'!N23),'Step 1 - Fill in Details'!L23,"") | O9: Business Value | P9: Feasibility Value
A10: Weights | C10: =IF(NOT('Step 1 - Fill in Details'!N9),'Step 1 - Fill in Details'!M9,0) -> 0.3 | D10: =IF(NOT('Step 1 - Fill in Details'!N10),'Step 1 - Fill in Details'!M10,0) -> 0.4 | E10: =IF(NOT('Step 1 - Fill in Details'!N11),'Step 1 - Fill in Details'!M11,0) -> 0.3 | F10: =IF(NOT('Step 1 - Fill in Details'!N12),'Step 1 - Fill in Details'!M12,0) -> 0 | G10: =IF(NOT('Step 1 - Fill in Details'!N13),'Step 1 - Fill in Details'!M13,0) -> 0 | I10: =IF(NOT('Step 1 - Fill in Details'!N19),'Step 1 - Fill in Details'!M19,0) -> 0.3 | J10: =IF(NOT('Step 1 - Fill in Details'!N20),'Step 1 - Fill in Details'!M20,0) -> 0.4 | K10: =IF(NOT('Step 1 - Fill in Details'!N21),'Step 1 - Fill in Details'!M21,0) -> 0.3 | L10: =IF(NOT('Step 1 - Fill in Details'!N22),'Step 1 - Fill in Details'!M22,0) -> 0 | M10: =IF(NOT('Step 1 - Fill in Details'!N23),'Step 1 - Fill in Details'!M23,0) -> 0
A11: ='Step 1 - Fill in Details'!C7 -> Example Use Case 1 | B11: ='Step 1 - Fill in Details'!D7 -> TRUE | C11: 4 | D11: 0 | E11: 4 | I11: NA | J11: 2 | K11: 1 | O11: =AX11 -> 2.4 | P11: =AY11 -> 1.5714286 | Q11: {=P11+O11+(RAND()*0.00000000000001+1/ROW(1:1)*0.000001)} -> 3.9714296 | R11: =AND(P11=0,O11=0) -> FALSE | S11: {=SUMPRODUCT(($R$11:R11)*1)} -> 0 | U11: =AND(O11=0,P11=0) -> FALSE | V11: {=SUMPRODUCT(($U$10:U11)*1)} -> 0 | X11: {=SUMPRODUCT($I$10:$M$10,(I11:M11<>"NA")*1)} -> 0.7 | Y11: =IF(I11="NA",0,I$10/$X11) -> 0 | Z11: =IF(J11="NA",0,J$10/$X11) -> 0.57142857 | AA11: =IF(K11="NA",0,K$10/$X11) -> 0.42857143 | AB11: =IF(L11="NA",0,L$10/$X11) -> 0 | AC11: =IF(M11="NA",0,M$10/$X11) -> 0 | AD11: =IF(X11<1, AE11, "") -> Readjusted weights: :57.1428571428572% :42.8571428571429% in this use case because has/have NA values in it | AE11: =CONCATENATE("Readjusted weights: ", IF(Y11=0, " ", CONCATENATE($J$8, ":", Y11*100, "% ")), IF(Z11=0, " ", CONCATENATE($K$8, ":", Z11*100, "% ")), IF(AA11=0, " ", CONCATENATE($L$8, ":", AA11*100, "% ")), IF(AB11=0, " ", CONCATENATE($M$8, ":", AB11*100, "% ")), IF(AC11=0, " ", CONCATENATE($N$8, ":", AC11*100, "% ")), " in this use case because ", AF11, " ", AG11, " ", AH11, " ", AI11, " ", AJ11, " has/have NA values in it") -> Readjusted weights: :57.1428571428572% :42.8571428571429% in this use case because has/have NA values in it | AF11: =IF(J11="NA", $J$8,"") | AG11: =IF(K11="NA", $J$8,"") | AH11: =IF(L11="NA", $J$8,"") | AI11: =IF(M11="NA", $J$8,"") | AJ11: =IF(N11="NA", $J$8,"") | AK11: {=SUMPRODUCT($C$10:$G$10,(C11:G11<>"NA")*1)} -> 1 | AL11: =IF(C11="NA",0,C$10/$AK11) -> 0.3 | AM11: =IF(D11="NA",0,D$10/$AK11) -> 0.4 | AN11: =IF(E11="NA",0,E$10/$AK11) -> 0.3 | AO11: =IF(F11="NA",0,F$10/$AK11) -> 0 | AP11: =IF(G11="NA",0,G$10/$AK11) -> 0 | AQ11: =IF(AK11<1, AR11, "") | AR11: =CONCATENATE("Readjusted weights: ", IF(AL11=0, " ", CONCATENATE($D$8, ":", AL11*100, "% ")), IF(AM11=0, " ", CONCATENATE($E$8, ":", AM11*100, "% ")), IF(AN11=0, " ", CONCATENATE($F$8, ":", AN11*100, "% ")), IF(AO11=0, " ", CONCATENATE($G$8, ":", AO11*100, "% ")), IF(AP11=0, " ", CONCATENATE($H$8, ":", AP11*100, "% ")), " in this use case because ", AS11, " ", AT11, " ", AU11, " ", AV11, " ", AW11, " has/have NA values in it") -> Readjusted weights: :30% :40% :30% in this use case because has/have NA values in it | AS11: =IF(C11="NA", C$10,"") | AT11: =IF(D11="NA", D$10,"") | AU11: =IF(E11="NA", E$10,"") | AV11: =IF(F11="NA", F$10,"") | AW11: =IF(G11="NA", G$10,"") | AX11: =SUMPRODUCT(C11:G11,AL11:AP11) -> 2.4 | AY11: =SUMPRODUCT(I11:M11,Y11:AC11) -> 1.5714286
A12: ='Step 1 - Fill in Details'!C8 -> Example Use Case 2 | B12: ='Step 1 - Fill in Details'!D8 -> TRUE | C12: 1 | D12: 0 | E12: 3 | I12: NA | J12: NA | K12: 1 | O12: =AX12 -> 1.2 | P12: =AY12 -> 1 | Q12: {=P12+O12+(RAND()*0.00000000000001+1/ROW(2:2)*0.000001)} -> 2.2000005 | R12: =AND(P12=0,O12=0) -> FALSE | S12: {=SUMPRODUCT(($R$11:R12)*1)} -> 0 | U12: =AND(O12=0,P12=0) -> FALSE | V12: {=SUMPRODUCT(($U$10:U12)*1)} -> 0 | X12: {=SUMPRODUCT($I$10:$M$10,(I12:M12<>"NA")*1)} -> 0.3 | Y12: =IF(I12="NA",0,I$10/$X12) -> 0 | Z12: =IF(J12="NA",0,J$10/$X12) -> 0 | AA12: =IF(K12="NA",0,K$10/$X12) -> 1 | AB12: =IF(L12="NA",0,L$10/$X12) -> 0 | AC12: =IF(M12="NA",0,M$10/$X12) -> 0 | AD12: =IF(X12<1, AE12, "") -> Readjusted weights: :100% in this use case because 0 has/have NA values in it | AE12: =CONCATENATE("Readjusted weights: ", IF(Y12=0, " ", CONCATENATE($J$8, ":", Y12*100, "% ")), IF(Z12=0, " ", CONCATENATE($K$8, ":", Z12*100, "% ")), IF(AA12=0, " ", CONCATENATE($L$8, ":", AA12*100, "% ")), IF(AB12=0, " ", CONCATENATE($M$8, ":", AB12*100, "% ")), IF(AC12=0, " ", CONCATENATE($N$8, ":", AC12*100, "% ")), " in this use case because ", AF12, " ", AG12, " ", AH12, " ", AI12, " ", AJ12, " has/have NA values in it") -> Readjusted weights: :100% in this use case because 0 has/have NA values in it | AF12: =IF(J12="NA", $J$8,"") -> 0 | AG12: =IF(K12="NA", $J$8,"") | AH12: =IF(L12="NA", $J$8,"") | AI12: =IF(M12="NA", $J$8,"") | AJ12: =IF(N12="NA", $J$8,"") | AK12: {=SUMPRODUCT($C$10:$G$10,(C12:G12<>"NA")*1)} -> 1 | AL12: =IF(C12="NA",0,C$10/$AK12) -> 0.3 | AM12: =IF(D12="NA",0,D$10/$AK12) -> 0.4 | AN12: =IF(E12="NA",0,E$10/$AK12) -> 0.3 | AO12: =IF(F12="NA",0,F$10/$AK12) -> 0 | AP12: =IF(G12="NA",0,G$10/$AK12) -> 0 | AQ12: =IF(AK12<1, AR12, "") | AR12: =CONCATENATE("Readjusted weights: ", IF(AL12=0, " ", CONCATENATE($D$8, ":", AL12*100, "% ")), IF(AM12=0, " ", CONCATENATE($E$8, ":", AM12*100, "% ")), IF(AN12=0, " ", CONCATENATE($F$8, ":", AN12*100, "% ")), IF(AO12=0, " ", CONCATENATE($G$8, ":", AO12*100, "% ")), IF(AP12=0, " ", CONCATENATE($H$8, ":", AP12*100, "% ")), " in this use case because ", AS12, " ", AT12, " ", AU12, " ", AV12, " ", AW12, " has/have NA values in it") -> Readjusted weights: :30% :40% :30% in this use case because has/have NA values in it | AS12: =IF(C12="NA", C$10,"") | AT12: =IF(D12="NA", D$10,"") | AU12: =IF(E12="NA", E$10,"") | AV12: =IF(F12="NA", F$10,"") | AW12: =IF(G12="NA", G$10,"") | AX12: =SUMPRODUCT(C12:G12,AL12:AP12) -> 1.2 | AY12: =SUMPRODUCT(I12:M12,Y12:AC12) -> 1
A13: ='Step 1 - Fill in Details'!C9 -> UC3 | B13: ='Step 1 - Fill in Details'!D9 -> FALSE | O13: =AX13 -> 0 | P13: =AY13 -> 0 | Q13: {=P13+O13+(RAND()*0.00000000000001+1/ROW(3:3)*0.000001)} -> 3.3333334e-07 | R13: =AND(P13=0,O13=0) -> TRUE | S13: {=SUMPRODUCT(($R$11:R13)*1)} -> 1 | U13: =AND(O13=0,P13=0) -> TRUE | V13: {=SUMPRODUCT(($U$10:U13)*1)} -> 1 | X13: {=SUMPRODUCT($I$10:$M$10,(I13:M13<>"NA")*1)} -> 1 | Y13: =IF(I13="NA",0,I$10/$X13) -> 0.3 | Z13: =IF(J13="NA",0,J$10/$X13) -> 0.4 | AA13: =IF(K13="NA",0,K$10/$X13) -> 0.3 | AB13: =IF(L13="NA",0,L$10/$X13) -> 0 | AC13: =IF(M13="NA",0,M$10/$X13) -> 0 | AD13: =IF(X13<1, AE13, "") | AE13: =CONCATENATE("Readjusted weights: ", IF(Y13=0, " ", CONCATENATE($J$8, ":", Y13*100, "% ")), IF(Z13=0, " ", CONCATENATE($K$8, ":", Z13*100, "% ")), IF(AA13=0, " ", CONCATENATE($L$8, ":", AA13*100, "% ")), IF(AB13=0, " ", CONCATENATE($M$8, ":", AB13*100, "% ")), IF(AC13=0, " ", CONCATENATE($N$8, ":", AC13*100, "% ")), " in this use case because ", AF13, " ", AG13, " ", AH13, " ", AI13, " ", AJ13, " has/have NA values in it") -> Readjusted weights: :30% :40% :30% in this use case because has/have NA values in it | AF13: =IF(J13="NA", $J$8,"") | AG13: =IF(K13="NA", $J$8,"") | AH13: =IF(L13="NA", $J$8,"") | AI13: =IF(M13="NA", $J$8,"") | AJ13: =IF(N13="NA", $J$8,"") | AK13: {=SUMPRODUCT($C$10:$G$10,(C13:G13<>"NA")*1)} -> 1 | AL13: =IF(C13="NA",0,C$10/$AK13) -> 0.3 | AM13: =IF(D13="NA",0,D$10/$AK13) -> 0.4 | AN13: =IF(E13="NA",0,E$10/$AK13) -> 0.3 | AO13: =IF(F13="NA",0,F$10/$AK13) -> 0 | AP13: =IF(G13="NA",0,G$10/$AK13) -> 0 | AQ13: =IF(AK13<1, AR13, "") | AR13: =CONCATENATE("Readjusted weights: ", IF(AL13=0, " ", CONCATENATE($D$8, ":", AL13*100, "% ")), IF(AM13=0, " ", CONCATENATE($E$8, ":", AM13*100, "% ")), IF(AN13=0, " ", CONCATENATE($F$8, ":", AN13*100, "% ")), IF(AO13=0, " ", CONCATENATE($G$8, ":", AO13*100, "% ")), IF(AP13=0, " ", CONCATENATE($H$8, ":", AP13*100, "% ")), " in this use case because ", AS13, " ", AT13, " ", AU13, " ", AV13, " ", AW13, " has/have NA values in it") -> Readjusted weights: :30% :40% :30% in this use case because has/have NA values in it | AS13: =IF(C13="NA", C$10,"") | AT13: =IF(D13="NA", D$10,"") | AU13: =IF(E13="NA", E$10,"") | AV13: =IF(F13="NA", F$10,"") | AW13: =IF(G13="NA", G$10,"") | AX13: =SUMPRODUCT(C13:G13,AL13:AP13) -> 0 | AY13: =SUMPRODUCT(I13:M13,Y13:AC13) -> 0
A14: ='Step 1 - Fill in Details'!C10 -> UC4 | B14: ='Step 1 - Fill in Details'!D10 -> FALSE | O14: =AX14 -> 0 | P14: =AY14 -> 0 | Q14: {=P14+O14+(RAND()*0.00000000000001+1/ROW(4:4)*0.000001)} -> 2.5000001e-07 | R14: =AND(P14=0,O14=0) -> TRUE | S14: {=SUMPRODUCT(($R$11:R14)*1)} -> 2 | U14: =AND(O14=0,P14=0) -> TRUE | V14: {=SUMPRODUCT(($U$10:U14)*1)} -> 2 | X14: {=SUMPRODUCT($I$10:$M$10,(I14:M14<>"NA")*1)} -> 1 | Y14: =IF(I14="NA",0,I$10/$X14) -> 0.3 | Z14: =IF(J14="NA",0,J$10/$X14) -> 0.4 | AA14: =IF(K14="NA",0,K$10/$X14) -> 0.3 | AB14: =IF(L14="NA",0,L$10/$X14) -> 0 | AC14: =IF(M14="NA",0,M$10/$X14) -> 0 | AD14: =IF(X14<1, AE14, "") | AE14: =CONCATENATE("Readjusted weights: ", IF(Y14=0, " ", CONCATENATE($J$8, ":", Y14*100, "% ")), IF(Z14=0, " ", CONCATENATE($K$8, ":", Z14*100, "% ")), IF(AA14=0, " ", CONCATENATE($L$8, ":", AA14*100, "% ")), IF(AB14=0, " ", CONCATENATE($M$8, ":", AB14*100, "% ")), IF(AC14=0, " ", CONCATENATE($N$8, ":", AC14*100, "% ")), " in this use case because ", AF14, " ", AG14, " ", AH14, " ", AI14, " ", AJ14, " has/have NA values in it") -> Readjusted weights: :30% :40% :30% in this use case because has/have NA values in it | AF14: =IF(J14="NA", $J$8,"") | AG14: =IF(K14="NA", $J$8,"") | AH14: =IF(L14="NA", $J$8,"") | AI14: =IF(M14="NA", $J$8,"") | AJ14: =IF(N14="NA", $J$8,"") | AK14: {=SUMPRODUCT($C$10:$G$10,(C14:G14<>"NA")*1)} -> 1 | AL14: =IF(C14="NA",0,C$10/$AK14) -> 0.3 | AM14: =IF(D14="NA",0,D$10/$AK14) -> 0.4 | AN14: =IF(E14="NA",0,E$10/$AK14) -> 0.3 | AO14: =IF(F14="NA",0,F$10/$AK14) -> 0 | AP14: =IF(G14="NA",0,G$10/$AK14) -> 0 | AQ14: =IF(AK14<1, AR14, "") | AR14: =CONCATENATE("Readjusted weights: ", IF(AL14=0, " ", CONCATENATE($D$8, ":", AL14*100, "% ")), IF(AM14=0, " ", CONCATENATE($E$8, ":", AM14*100, "% ")), IF(AN14=0, " ", CONCATENATE($F$8, ":", AN14*100, "% ")), IF(AO14=0, " ", CONCATENATE($G$8, ":", AO14*100, "% ")), IF(AP14=0, " ", CONCATENATE($H$8, ":", AP14*100, "% ")), " in this use case because ", AS14, " ", AT14, " ", AU14, " ", AV14, " ", AW14, " has/have NA values in it") -> Readjusted weights: :30% :40% :30% in this use case because has/have NA values in it | AS14: =IF(C14="NA", C$10,"") | AT14: =IF(D14="NA", D$10,"") | AU14: =IF(E14="NA", E$10,"") | AV14: =IF(F14="NA", F$10,"") | AW14: =IF(G14="NA", G$10,"") | AX14: =SUMPRODUCT(C14:G14,AL14:AP14) -> 0 | AY14: =SUMPRODUCT(I14:M14,Y14:AC14) -> 0
A15: ='Step 1 - Fill in Details'!C11 -> UC5 | B15: ='Step 1 - Fill in Details'!D11 -> FALSE | O15: =AX15 -> 0 | P15: =AY15 -> 0 | Q15: {=P15+O15+(RAND()*0.00000000000001+1/ROW(5:5)*0.000001)} -> 2.0000001e-07 | R15: =AND(P15=0,O15=0) -> TRUE | S15: {=SUMPRODUCT(($R$11:R15)*1)} -> 3 | U15: =AND(O15=0,P15=0) -> TRUE | V15: {=SUMPRODUCT(($U$10:U15)*1)} -> 3 | X15: {=SUMPRODUCT($I$10:$M$10,(I15:M15<>"NA")*1)} -> 1 | Y15: =IF(I15="NA",0,I$10/$X15) -> 0.3 | Z15: =IF(J15="NA",0,J$10/$X15) -> 0.4 | AA15: =IF(K15="NA",0,K$10/$X15) -> 0.3 | AB15: =IF(L15="NA",0,L$10/$X15) -> 0 | AC15: =IF(M15="NA",0,M$10/$X15) -> 0 | AD15: =IF(X15<1, AE15, "") | AE15: =CONCATENATE("Readjusted weights: ", IF(Y15=0, " ", CONCATENATE($J$8, ":", Y15*100, "% ")), IF(Z15=0, " ", CONCATENATE($K$8, ":", Z15*100, "% ")), IF(AA15=0, " ", CONCATENATE($L$8, ":", AA15*100, "% ")), IF(AB15=0, " ", CONCATENATE($M$8, ":", AB15*100, "% ")), IF(AC15=0, " ", CONCATENATE($N$8, ":", AC15*100, "% ")), " in this use case because ", AF15, " ", AG15, " ", AH15, " ", AI15, " ", AJ15, " has/have NA values in it") -> Readjusted weights: :30% :40% :30% in this use case because has/have NA values in it | AF15: =IF(J15="NA", $J$8,"") | AG15: =IF(K15="NA", $J$8,"") | AH15: =IF(L15="NA", $J$8,"") | AI15: =IF(M15="NA", $J$8,"") | AJ15: =IF(N15="NA", $J$8,"") | AK15: {=SUMPRODUCT($C$10:$G$10,(C15:G15<>"NA")*1)} -> 1 | AL15: =IF(C15="NA",0,C$10/$AK15) -> 0.3 | AM15: =IF(D15="NA",0,D$10/$AK15) -> 0.4 | AN15: =IF(E15="NA",0,E$10/$AK15) -> 0.3 | AO15: =IF(F15="NA",0,F$10/$AK15) -> 0 | AP15: =IF(G15="NA",0,G$10/$AK15) -> 0 | AQ15: =IF(AK15<1, AR15, "") | AR15: =CONCATENATE("Readjusted weights: ", IF(AL15=0, " ", CONCATENATE($D$8, ":", AL15*100, "% ")), IF(AM15=0, " ", CONCATENATE($E$8, ":", AM15*100, "% ")), IF(AN15=0, " ", CONCATENATE($F$8, ":", AN15*100, "% ")), IF(AO15=0, " ", CONCATENATE($G$8, ":", AO15*100, "% ")), IF(AP15=0, " ", CONCATENATE($H$8, ":", AP15*100, "% ")), " in this use case because ", AS15, " ", AT15, " ", AU15, " ", AV15, " ", AW15, " has/have NA values in it") -> Readjusted weights: :30% :40% :30% in this use case because has/have NA values in it | AS15: =IF(C15="NA", C$10,"") | AT15: =IF(D15="NA", D$10,"") | AU15: =IF(E15="NA", E$10,"") | AV15: =IF(F15="NA", F$10,"") | AW15: =IF(G15="NA", G$10,"") | AX15: =SUMPRODUCT(C15:G15,AL15:AP15) -> 0 | AY15: =SUMPRODUCT(I15:M15,Y15:AC15) -> 0
A16: ='Step 1 - Fill in Details'!C12 -> UC6 | B16: ='Step 1 - Fill in Details'!D12 -> FALSE | O16: =AX16 -> 0 | P16: =AY16 -> 0 | Q16: {=P16+O16+(RAND()*0.00000000000001+1/ROW(6:6)*0.000001)} -> 1.6666667e-07 | R16: =AND(P16=0,O16=0) -> TRUE | S16: {=SUMPRODUCT(($R$11:R16)*1)} -> 4 | U16: =AND(O16=0,P16=0) -> TRUE | V16: {=SUMPRODUCT(($U$10:U16)*1)} -> 4 | X16: {=SUMPRODUCT($I$10:$M$10,(I16:M16<>"NA")*1)} -> 1 | Y16: =IF(I16="NA",0,I$10/$X16) -> 0.3 | Z16: =IF(J16="NA",0,J$10/$X16) -> 0.4 | AA16: =IF(K16="NA",0,K$10/$X16) -> 0.3 | AB16: =IF(L16="NA",0,L$10/$X16) -> 0 | AC16: =IF(M16="NA",0,M$10/$X16) -> 0 | AD16: =IF(X16<1, AE16, "") | AE16: =CONCATENATE("Readjusted weights: ", IF(Y16=0, " ", CONCATENATE($J$8, ":", Y16*100, "% ")), IF(Z16=0, " ", CONCATENATE($K$8, ":", Z16*100, "% ")), IF(AA16=0, " ", CONCATENATE($L$8, ":", AA16*100, "% ")), IF(AB16=0, " ", CONCATENATE($M$8, ":", AB16*100, "% ")), IF(AC16=0, " ", CONCATENATE($N$8, ":", AC16*100, "% ")), " in this use case because ", AF16, " ", AG16, " ", AH16, " ", AI16, " ", AJ16, " has/have NA values in it") -> Readjusted weights: :30% :40% :30% in this use case because has/have NA values in it | AF16: =IF(J16="NA", $J$8,"") | AG16: =IF(K16="NA", $J$8,"") | AH16: =IF(L16="NA", $J$8,"") | AI16: =IF(M16="NA", $J$8,"") | AJ16: =IF(N16="NA", $J$8,"") | AK16: {=SUMPRODUCT($C$10:$G$10,(C16:G16<>"NA")*1)} -> 1 | AL16: =IF(C16="NA",0,C$10/$AK16) -> 0.3 | AM16: =IF(D16="NA",0,D$10/$AK16) -> 0.4 | AN16: =IF(E16="NA",0,E$10/$AK16) -> 0.3 | AO16: =IF(F16="NA",0,F$10/$AK16) -> 0 | AP16: =IF(G16="NA",0,G$10/$AK16) -> 0 | AQ16: =IF(AK16<1, AR16, "") | AR16: =CONCATENATE("Readjusted weights: ", IF(AL16=0, " ", CONCATENATE($D$8, ":", AL16*100, "% ")), IF(AM16=0, " ", CONCATENATE($E$8, ":", AM16*100, "% ")), IF(AN16=0, " ", CONCATENATE($F$8, ":", AN16*100, "% ")), IF(AO16=0, " ", CONCATENATE($G$8, ":", AO16*100, "% ")), IF(AP16=0, " ", CONCATENATE($H$8, ":", AP16*100, "% ")), " in this use case because ", AS16, " ", AT16, " ", AU16, " ", AV16, " ", AW16, " has/have NA values in it") -> Readjusted weights: :30% :40% :30% in this use case because has/have NA values in it | AS16: =IF(C16="NA", C$10,"") | AT16: =IF(D16="NA", D$10,"") | AU16: =IF(E16="NA", E$10,"") | AV16: =IF(F16="NA", F$10,"") | AW16: =IF(G16="NA", G$10,"") | AX16: =SUMPRODUCT(C16:G16,AL16:AP16) -> 0 | AY16: =SUMPRODUCT(I16:M16,Y16:AC16) -> 0
A17: ='Step 1 - Fill in Details'!C13 -> UC7 | B17: ='Step 1 - Fill in Details'!D13 -> FALSE | O17: =AX17 -> 0 | P17: =AY17 -> 0 | Q17: {=P17+O17+(RAND()*0.00000000000001+1/ROW(7:7)*0.000001)} -> 1.4285714e-07 | R17: =AND(P17=0,O17=0) -> TRUE | S17: {=SUMPRODUCT(($R$11:R17)*1)} -> 5 | U17: =AND(O17=0,P17=0) -> TRUE | V17: {=SUMPRODUCT(($U$10:U17)*1)} -> 5 | X17: {=SUMPRODUCT($I$10:$M$10,(I17:M17<>"NA")*1)} -> 1 | Y17: =IF(I17="NA",0,I$10/$X17) -> 0.3 | Z17: =IF(J17="NA",0,J$10/$X17) -> 0.4 | AA17: =IF(K17="NA",0,K$10/$X17) -> 0.3 | AB17: =IF(L17="NA",0,L$10/$X17) -> 0 | AC17: =IF(M17="NA",0,M$10/$X17) -> 0 | AD17: =IF(X17<1, AE17, "") | AE17: =CONCATENATE("Readjusted weights: ", IF(Y17=0, " ", CONCATENATE($J$8, ":", Y17*100, "% ")), IF(Z17=0, " ", CONCATENATE($K$8, ":", Z17*100, "% ")), IF(AA17=0, " ", CONCATENATE($L$8, ":", AA17*100, "% ")), IF(AB17=0, " ", CONCATENATE($M$8, ":", AB17*100, "% ")), IF(AC17=0, " ", CONCATENATE($N$8, ":", AC17*100, "% ")), " in this use case because ", AF17, " ", AG17, " ", AH17, " ", AI17, " ", AJ17, " has/have NA values in it") -> Readjusted weights: :30% :40% :30% in this use case because has/have NA values in it | AF17: =IF(J17="NA", $J$8,"") | AG17: =IF(K17="NA", $J$8,"") | AH17: =IF(L17="NA", $J$8,"") | AI17: =IF(M17="NA", $J$8,"") | AJ17: =IF(N17="NA", $J$8,"") | AK17: {=SUMPRODUCT($C$10:$G$10,(C17:G17<>"NA")*1)} -> 1 | AL17: =IF(C17="NA",0,C$10/$AK17) -> 0.3 | AM17: =IF(D17="NA",0,D$10/$AK17) -> 0.4 | AN17: =IF(E17="NA",0,E$10/$AK17) -> 0.3 | AO17: =IF(F17="NA",0,F$10/$AK17) -> 0 | AP17: =IF(G17="NA",0,G$10/$AK17) -> 0 | AQ17: =IF(AK17<1, AR17, "") | AR17: =CONCATENATE("Readjusted weights: ", IF(AL17=0, " ", CONCATENATE($D$8, ":", AL17*100, "% ")), IF(AM17=0, " ", CONCATENATE($E$8, ":", AM17*100, "% ")), IF(AN17=0, " ", CONCATENATE($F$8, ":", AN17*100, "% ")), IF(AO17=0, " ", CONCATENATE($G$8, ":", AO17*100, "% ")), IF(AP17=0, " ", CONCATENATE($H$8, ":", AP17*100, "% ")), " in this use case because ", AS17, " ", AT17, " ", AU17, " ", AV17, " ", AW17, " has/have NA values in it") -> Readjusted weights: :30% :40% :30% in this use case because has/have NA values in it | AS17: =IF(C17="NA", C$10,"") | AT17: =IF(D17="NA", D$10,"") | AU17: =IF(E17="NA", E$10,"") | AV17: =IF(F17="NA", F$10,"") | AW17: =IF(G17="NA", G$10,"") | AX17: =SUMPRODUCT(C17:G17,AL17:AP17) -> 0 | AY17: =SUMPRODUCT(I17:M17,Y17:AC17) -> 0
A18: ='Step 1 - Fill in Details'!C14 -> UC8 | B18: ='Step 1 - Fill in Details'!D14 -> FALSE | O18: =AX18 -> 0 | P18: =AY18 -> 0 | Q18: {=P18+O18+(RAND()*0.00000000000001+1/ROW(8:8)*0.000001)} -> 1.2500001e-07 | R18: =AND(P18=0,O18=0) -> TRUE | S18: {=SUMPRODUCT(($R$11:R18)*1)} -> 6 | U18: =AND(O18=0,P18=0) -> TRUE | V18: {=SUMPRODUCT(($U$10:U18)*1)} -> 6 | X18: {=SUMPRODUCT($I$10:$M$10,(I18:M18<>"NA")*1)} -> 1 | Y18: =IF(I18="NA",0,I$10/$X18) -> 0.3 | Z18: =IF(J18="NA",0,J$10/$X18) -> 0.4 | AA18: =IF(K18="NA",0,K$10/$X18) -> 0.3 | AB18: =IF(L18="NA",0,L$10/$X18) -> 0 | AC18: =IF(M18="NA",0,M$10/$X18) -> 0 | AD18: =IF(X18<1, AE18, "") | AE18: =CONCATENATE("Readjusted weights: ", IF(Y18=0, " ", CONCATENATE($J$8, ":", Y18*100, "% ")), IF(Z18=0, " ", CONCATENATE($K$8, ":", Z18*100, "% ")), IF(AA18=0, " ", CONCATENATE($L$8, ":", AA18*100, "% ")), IF(AB18=0, " ", CONCATENATE($M$8, ":", AB18*100, "% ")), IF(AC18=0, " ", CONCATENATE($N$8, ":", AC18*100, "% ")), " in this use case because ", AF18, " ", AG18, " ", AH18, " ", AI18, " ", AJ18, " has/have NA values in it") -> Readjusted weights: :30% :40% :30% in this use case because has/have NA values in it | AF18: =IF(J18="NA", $J$8,"") | AG18: =IF(K18="NA", $J$8,"") | AH18: =IF(L18="NA", $J$8,"") | AI18: =IF(M18="NA", $J$8,"") | AJ18: =IF(N18="NA", $J$8,"") | AK18: {=SUMPRODUCT($C$10:$G$10,(C18:G18<>"NA")*1)} -> 1 | AL18: =IF(C18="NA",0,C$10/$AK18) -> 0.3 | AM18: =IF(D18="NA",0,D$10/$AK18) -> 0.4 | AN18: =IF(E18="NA",0,E$10/$AK18) -> 0.3 | AO18: =IF(F18="NA",0,F$10/$AK18) -> 0 | AP18: =IF(G18="NA",0,G$10/$AK18) -> 0 | AQ18: =IF(AK18<1, AR18, "") | AR18: =CONCATENATE("Readjusted weights: ", IF(AL18=0, " ", CONCATENATE($D$8, ":", AL18*100, "% ")), IF(AM18=0, " ", CONCATENATE($E$8, ":", AM18*100, "% ")), IF(AN18=0, " ", CONCATENATE($F$8, ":", AN18*100, "% ")), IF(AO18=0, " ", CONCATENATE($G$8, ":", AO18*100, "% ")), IF(AP18=0, " ", CONCATENATE($H$8, ":", AP18*100, "% ")), " in this use case because ", AS18, " ", AT18, " ", AU18, " ", AV18, " ", AW18, " has/have NA values in it") -> Readjusted weights: :30% :40% :30% in this use case because has/have NA values in it | AS18: =IF(C18="NA", C$10,"") | AT18: =IF(D18="NA", D$10,"") | AU18: =IF(E18="NA", E$10,"") | AV18: =IF(F18="NA", F$10,"") | AW18: =IF(G18="NA", G$10,"") | AX18: =SUMPRODUCT(C18:G18,AL18:AP18) -> 0 | AY18: =SUMPRODUCT(I18:M18,Y18:AC18) -> 0
A19: ='Step 1 - Fill in Details'!C15 -> UC9 | B19: ='Step 1 - Fill in Details'!D15 -> FALSE | O19: =AX19 -> 0 | P19: =AY19 -> 0 | Q19: {=P19+O19+(RAND()*0.00000000000001+1/ROW(9:9)*0.000001)} -> 1.1111111e-07 | R19: =AND(P19=0,O19=0) -> TRUE | S19: {=SUMPRODUCT(($R$11:R19)*1)} -> 7 | U19: =AND(O19=0,P19=0) -> TRUE | V19: {=SUMPRODUCT(($U$10:U19)*1)} -> 7 | X19: {=SUMPRODUCT($I$10:$M$10,(I19:M19<>"NA")*1)} -> 1 | Y19: =IF(I19="NA",0,I$10/$X19) -> 0.3 | Z19: =IF(J19="NA",0,J$10/$X19) -> 0.4 | AA19: =IF(K19="NA",0,K$10/$X19) -> 0.3 | AB19: =IF(L19="NA",0,L$10/$X19) -> 0 | AC19: =IF(M19="NA",0,M$10/$X19) -> 0 | AD19: =IF(X19<1, AE19, "") | AE19: =CONCATENATE("Readjusted weights: ", IF(Y19=0, " ", CONCATENATE($J$8, ":", Y19*100, "% ")), IF(Z19=0, " ", CONCATENATE($K$8, ":", Z19*100, "% ")), IF(AA19=0, " ", CONCATENATE($L$8, ":", AA19*100, "% ")), IF(AB19=0, " ", CONCATENATE($M$8, ":", AB19*100, "% ")), IF(AC19=0, " ", CONCATENATE($N$8, ":", AC19*100, "% ")), " in this use case because ", AF19, " ", AG19, " ", AH19, " ", AI19, " ", AJ19, " has/have NA values in it") -> Readjusted weights: :30% :40% :30% in this use case because has/have NA values in it | AF19: =IF(J19="NA", $J$8,"") | AG19: =IF(K19="NA", $J$8,"") | AH19: =IF(L19="NA", $J$8,"") | AI19: =IF(M19="NA", $J$8,"") | AJ19: =IF(N19="NA", $J$8,"") | AK19: {=SUMPRODUCT($C$10:$G$10,(C19:G19<>"NA")*1)} -> 1 | AL19: =IF(C19="NA",0,C$10/$AK19) -> 0.3 | AM19: =IF(D19="NA",0,D$10/$AK19) -> 0.4 | AN19: =IF(E19="NA",0,E$10/$AK19) -> 0.3 | AO19: =IF(F19="NA",0,F$10/$AK19) -> 0 | AP19: =IF(G19="NA",0,G$10/$AK19) -> 0 | AQ19: =IF(AK19<1, AR19, "") | AR19: =CONCATENATE("Readjusted weights: ", IF(AL19=0, " ", CONCATENATE($D$8, ":", AL19*100, "% ")), IF(AM19=0, " ", CONCATENATE($E$8, ":", AM19*100, "% ")), IF(AN19=0, " ", CONCATENATE($F$8, ":", AN19*100, "% ")), IF(AO19=0, " ", CONCATENATE($G$8, ":", AO19*100, "% ")), IF(AP19=0, " ", CONCATENATE($H$8, ":", AP19*100, "% ")), " in this use case because ", AS19, " ", AT19, " ", AU19, " ", AV19, " ", AW19, " has/have NA values in it") -> Readjusted weights: :30% :40% :30% in this use case because has/have NA values in it | AS19: =IF(C19="NA", C$10,"") | AT19: =IF(D19="NA", D$10,"") | AU19: =IF(E19="NA", E$10,"") | AV19: =IF(F19="NA", F$10,"") | AW19: =IF(G19="NA", G$10,"") | AX19: =SUMPRODUCT(C19:G19,AL19:AP19) -> 0 | AY19: =SUMPRODUCT(I19:M19,Y19:AC19) -> 0
A20: ='Step 1 - Fill in Details'!C16 -> UC10 | B20: ='Step 1 - Fill in Details'!D16 -> FALSE | O20: =AX20 -> 0 | P20: =AY20 -> 0 | Q20: {=P20+O20+(RAND()*0.00000000000001+1/ROW(10:10)*0.000001)} -> 1e-07 | R20: =AND(P20=0,O20=0) -> TRUE | S20: {=SUMPRODUCT(($R$11:R20)*1)} -> 8 | U20: =AND(O20=0,P20=0) -> TRUE | V20: {=SUMPRODUCT(($U$10:U20)*1)} -> 8 | X20: {=SUMPRODUCT($I$10:$M$10,(I20:M20<>"NA")*1)} -> 1 | Y20: =IF(I20="NA",0,I$10/$X20) -> 0.3 | Z20: =IF(J20="NA",0,J$10/$X20) -> 0.4 | AA20: =IF(K20="NA",0,K$10/$X20) -> 0.3 | AB20: =IF(L20="NA",0,L$10/$X20) -> 0 | AC20: =IF(M20="NA",0,M$10/$X20) -> 0 | AD20: =IF(X20<1, AE20, "") | AE20: =CONCATENATE("Readjusted weights: ", IF(Y20=0, " ", CONCATENATE($J$8, ":", Y20*100, "% ")), IF(Z20=0, " ", CONCATENATE($K$8, ":", Z20*100, "% ")), IF(AA20=0, " ", CONCATENATE($L$8, ":", AA20*100, "% ")), IF(AB20=0, " ", CONCATENATE($M$8, ":", AB20*100, "% ")), IF(AC20=0, " ", CONCATENATE($N$8, ":", AC20*100, "% ")), " in this use case because ", AF20, " ", AG20, " ", AH20, " ", AI20, " ", AJ20, " has/have NA values in it") -> Readjusted weights: :30% :40% :30% in this use case because has/have NA values in it | AF20: =IF(J20="NA", $J$8,"") | AG20: =IF(K20="NA", $J$8,"") | AH20: =IF(L20="NA", $J$8,"") | AI20: =IF(M20="NA", $J$8,"") | AJ20: =IF(N20="NA", $J$8,"") | AK20: {=SUMPRODUCT($C$10:$G$10,(C20:G20<>"NA")*1)} -> 1 | AL20: =IF(C20="NA",0,C$10/$AK20) -> 0.3 | AM20: =IF(D20="NA",0,D$10/$AK20) -> 0.4 | AN20: =IF(E20="NA",0,E$10/$AK20) -> 0.3 | AO20: =IF(F20="NA",0,F$10/$AK20) -> 0 | AP20: =IF(G20="NA",0,G$10/$AK20) -> 0 | AQ20: =IF(AK20<1, AR20, "") | AR20: =CONCATENATE("Readjusted weights: ", IF(AL20=0, " ", CONCATENATE($D$8, ":", AL20*100, "% ")), IF(AM20=0, " ", CONCATENATE($E$8, ":", AM20*100, "% ")), IF(AN20=0, " ", CONCATENATE($F$8, ":", AN20*100, "% ")), IF(AO20=0, " ", CONCATENATE($G$8, ":", AO20*100, "% ")), IF(AP20=0, " ", CONCATENATE($H$8, ":", AP20*100, "% ")), " in this use case because ", AS20, " ", AT20, " ", AU20, " ", AV20, " ", AW20, " has/have NA values in it") -> Readjusted weights: :30% :40% :30% in this use case because has/have NA values in it | AS20: =IF(C20="NA", C$10,"") | AT20: =IF(D20="NA", D$10,"") | AU20: =IF(E20="NA", E$10,"") | AV20: =IF(F20="NA", F$10,"") | AW20: =IF(G20="NA", G$10,"") | AX20: =SUMPRODUCT(C20:G20,AL20:AP20) -> 0 | AY20: =SUMPRODUCT(I20:M20,Y20:AC20) -> 0
A21: ='Step 1 - Fill in Details'!C17 -> UC11 | B21: ='Step 1 - Fill in Details'!D17 -> FALSE | O21: =AX21 -> 0 | P21: =AY21 -> 0 | Q21: {=P21+O21+(RAND()*0.00000000000001+1/ROW(11:11)*0.000001)} -> 9.0909094e-08 | R21: =AND(P21=0,O21=0) -> TRUE | S21: {=SUMPRODUCT(($R$11:R21)*1)} -> 9 | U21: =AND(O21=0,P21=0) -> TRUE | V21: {=SUMPRODUCT(($U$10:U21)*1)} -> 9 | X21: {=SUMPRODUCT($I$10:$M$10,(I21:M21<>"NA")*1)} -> 1 | Y21: =IF(I21="NA",0,I$10/$X21) -> 0.3 | Z21: =IF(J21="NA",0,J$10/$X21) -> 0.4 | AA21: =IF(K21="NA",0,K$10/$X21) -> 0.3 | AB21: =IF(L21="NA",0,L$10/$X21) -> 0 | AC21: =IF(M21="NA",0,M$10/$X21) -> 0 | AD21: =IF(X21<1, AE21, "") | AE21: =CONCATENATE("Readjusted weights: ", IF(Y21=0, " ", CONCATENATE($J$8, ":", Y21*100, "% ")), IF(Z21=0, " ", CONCATENATE($K$8, ":", Z21*100, "% ")), IF(AA21=0, " ", CONCATENATE($L$8, ":", AA21*100, "% ")), IF(AB21=0, " ", CONCATENATE($M$8, ":", AB21*100, "% ")), IF(AC21=0, " ", CONCATENATE($N$8, ":", AC21*100, "% ")), " in this use case because ", AF21, " ", AG21, " ", AH21, " ", AI21, " ", AJ21, " has/have NA values in it") -> Readjusted weights: :30% :40% :30% in this use case because has/have NA values in it | AF21: =IF(J21="NA", $J$8,"") | AG21: =IF(K21="NA", $J$8,"") | AH21: =IF(L21="NA", $J$8,"") | AI21: =IF(M21="NA", $J$8,"") | AJ21: =IF(N21="NA", $J$8,"") | AK21: {=SUMPRODUCT($C$10:$G$10,(C21:G21<>"NA")*1)} -> 1 | AL21: =IF(C21="NA",0,C$10/$AK21) -> 0.3 | AM21: =IF(D21="NA",0,D$10/$AK21) -> 0.4 | AN21: =IF(E21="NA",0,E$10/$AK21) -> 0.3 | AO21: =IF(F21="NA",0,F$10/$AK21) -> 0 | AP21: =IF(G21="NA",0,G$10/$AK21) -> 0 | AQ21: =IF(AK21<1, AR21, "") | AR21: =CONCATENATE("Readjusted weights: ", IF(AL21=0, " ", CONCATENATE($D$8, ":", AL21*100, "% ")), IF(AM21=0, " ", CONCATENATE($E$8, ":", AM21*100, "% ")), IF(AN21=0, " ", CONCATENATE($F$8, ":", AN21*100, "% ")), IF(AO21=0, " ", CONCATENATE($G$8, ":", AO21*100, "% ")), IF(AP21=0, " ", CONCATENATE($H$8, ":", AP21*100, "% ")), " in this use case because ", AS21, " ", AT21, " ", AU21, " ", AV21, " ", AW21, " has/have NA values in it") -> Readjusted weights: :30% :40% :30% in this use case because has/have NA values in it | AS21: =IF(C21="NA", C$10,"") | AT21: =IF(D21="NA", D$10,"") | AU21: =IF(E21="NA", E$10,"") | AV21: =IF(F21="NA", F$10,"") | AW21: =IF(G21="NA", G$10,"") | AX21: =SUMPRODUCT(C21:G21,AL21:AP21) -> 0 | AY21: =SUMPRODUCT(I21:M21,Y21:AC21) -> 0
A22: ='Step 1 - Fill in Details'!C18 -> UC12 | B22: ='Step 1 - Fill in Details'!D18 -> FALSE | O22: =AX22 -> 0 | P22: =AY22 -> 0 | Q22: {=P22+O22+(RAND()*0.00000000000001+1/ROW(12:12)*0.000001)} -> 8.3333335e-08 | R22: =AND(P22=0,O22=0) -> TRUE | S22: {=SUMPRODUCT(($R$11:R22)*1)} -> 10 | U22: =AND(O22=0,P22=0) -> TRUE | V22: {=SUMPRODUCT(($U$10:U22)*1)} -> 10 | X22: {=SUMPRODUCT($I$10:$M$10,(I22:M22<>"NA")*1)} -> 1 | Y22: =IF(I22="NA",0,I$10/$X22) -> 0.3 | Z22: =IF(J22="NA",0,J$10/$X22) -> 0.4 | AA22: =IF(K22="NA",0,K$10/$X22) -> 0.3 | AB22: =IF(L22="NA",0,L$10/$X22) -> 0 | AC22: =IF(M22="NA",0,M$10/$X22) -> 0 | AD22: =IF(X22<1, AE22, "") | AE22: =CONCATENATE("Readjusted weights: ", IF(Y22=0, " ", CONCATENATE($J$8, ":", Y22*100, "% ")), IF(Z22=0, " ", CONCATENATE($K$8, ":", Z22*100, "% ")), IF(AA22=0, " ", CONCATENATE($L$8, ":", AA22*100, "% ")), IF(AB22=0, " ", CONCATENATE($M$8, ":", AB22*100, "% ")), IF(AC22=0, " ", CONCATENATE($N$8, ":", AC22*100, "% ")), " in this use case because ", AF22, " ", AG22, " ", AH22, " ", AI22, " ", AJ22, " has/have NA values in it") -> Readjusted weights: :30% :40% :30% in this use case because has/have NA values in it | AF22: =IF(J22="NA", $J$8,"") | AG22: =IF(K22="NA", $J$8,"") | AH22: =IF(L22="NA", $J$8,"") | AI22: =IF(M22="NA", $J$8,"") | AJ22: =IF(N22="NA", $J$8,"") | AK22: {=SUMPRODUCT($C$10:$G$10,(C22:G22<>"NA")*1)} -> 1 | AL22: =IF(C22="NA",0,C$10/$AK22) -> 0.3 | AM22: =IF(D22="NA",0,D$10/$AK22) -> 0.4 | AN22: =IF(E22="NA",0,E$10/$AK22) -> 0.3 | AO22: =IF(F22="NA",0,F$10/$AK22) -> 0 | AP22: =IF(G22="NA",0,G$10/$AK22) -> 0 | AQ22: =IF(AK22<1, AR22, "") | AR22: =CONCATENATE("Readjusted weights: ", IF(AL22=0, " ", CONCATENATE($D$8, ":", AL22*100, "% ")), IF(AM22=0, " ", CONCATENATE($E$8, ":", AM22*100, "% ")), IF(AN22=0, " ", CONCATENATE($F$8, ":", AN22*100, "% ")), IF(AO22=0, " ", CONCATENATE($G$8, ":", AO22*100, "% ")), IF(AP22=0, " ", CONCATENATE($H$8, ":", AP22*100, "% ")), " in this use case because ", AS22, " ", AT22, " ", AU22, " ", AV22, " ", AW22, " has/have NA values in it") -> Readjusted weights: :30% :40% :30% in this use case because has/have NA values in it | AS22: =IF(C22="NA", C$10,"") | AT22: =IF(D22="NA", D$10,"") | AU22: =IF(E22="NA", E$10,"") | AV22: =IF(F22="NA", F$10,"") | AW22: =IF(G22="NA", G$10,"") | AX22: =SUMPRODUCT(C22:G22,AL22:AP22) -> 0 | AY22: =SUMPRODUCT(I22:M22,Y22:AC22) -> 0
A23: ='Step 1 - Fill in Details'!C19 -> UC13 | B23: ='Step 1 - Fill in Details'!D19 -> FALSE | O23: =AX23 -> 0 | P23: =AY23 -> 0 | Q23: {=P23+O23+(RAND()*0.00000000000001+1/ROW(13:13)*0.000001)} -> 7.6923084e-08 | R23: =AND(P23=0,O23=0) -> TRUE | S23: {=SUMPRODUCT(($R$11:R23)*1)} -> 11 | U23: =AND(O23=0,P23=0) -> TRUE | V23: {=SUMPRODUCT(($U$10:U23)*1)} -> 11 | X23: {=SUMPRODUCT($I$10:$M$10,(I23:M23<>"NA")*1)} -> 1 | Y23: =IF(I23="NA",0,I$10/$X23) -> 0.3 | Z23: =IF(J23="NA",0,J$10/$X23) -> 0.4 | AA23: =IF(K23="NA",0,K$10/$X23) -> 0.3 | AB23: =IF(L23="NA",0,L$10/$X23) -> 0 | AC23: =IF(M23="NA",0,M$10/$X23) -> 0 | AD23: =IF(X23<1, AE23, "") | AE23: =CONCATENATE("Readjusted weights: ", IF(Y23=0, " ", CONCATENATE($J$8, ":", Y23*100, "% ")), IF(Z23=0, " ", CONCATENATE($K$8, ":", Z23*100, "% ")), IF(AA23=0, " ", CONCATENATE($L$8, ":", AA23*100, "% ")), IF(AB23=0, " ", CONCATENATE($M$8, ":", AB23*100, "% ")), IF(AC23=0, " ", CONCATENATE($N$8, ":", AC23*100, "% ")), " in this use case because ", AF23, " ", AG23, " ", AH23, " ", AI23, " ", AJ23, " has/have NA values in it") -> Readjusted weights: :30% :40% :30% in this use case because has/have NA values in it | AF23: =IF(J23="NA", $J$8,"") | AG23: =IF(K23="NA", $J$8,"") | AH23: =IF(L23="NA", $J$8,"") | AI23: =IF(M23="NA", $J$8,"") | AJ23: =IF(N23="NA", $J$8,"") | AK23: {=SUMPRODUCT($C$10:$G$10,(C23:G23<>"NA")*1)} -> 1 | AL23: =IF(C23="NA",0,C$10/$AK23) -> 0.3 | AM23: =IF(D23="NA",0,D$10/$AK23) -> 0.4 | AN23: =IF(E23="NA",0,E$10/$AK23) -> 0.3 | AO23: =IF(F23="NA",0,F$10/$AK23) -> 0 | AP23: =IF(G23="NA",0,G$10/$AK23) -> 0 | AQ23: =IF(AK23<1, AR23, "") | AR23: =CONCATENATE("Readjusted weights: ", IF(AL23=0, " ", CONCATENATE($D$8, ":", AL23*100, "% ")), IF(AM23=0, " ", CONCATENATE($E$8, ":", AM23*100, "% ")), IF(AN23=0, " ", CONCATENATE($F$8, ":", AN23*100, "% ")), IF(AO23=0, " ", CONCATENATE($G$8, ":", AO23*100, "% ")), IF(AP23=0, " ", CONCATENATE($H$8, ":", AP23*100, "% ")), " in this use case because ", AS23, " ", AT23, " ", AU23, " ", AV23, " ", AW23, " has/have NA values in it") -> Readjusted weights: :30% :40% :30% in this use case because has/have NA values in it | AS23: =IF(C23="NA", C$10,"") | AT23: =IF(D23="NA", D$10,"") | AU23: =IF(E23="NA", E$10,"") | AV23: =IF(F23="NA", F$10,"") | AW23: =IF(G23="NA", G$10,"") | AX23: =SUMPRODUCT(C23:G23,AL23:AP23) -> 0 | AY23: =SUMPRODUCT(I23:M23,Y23:AC23) -> 0
A24: ='Step 1 - Fill in Details'!C20 -> UC14 | B24: ='Step 1 - Fill in Details'!D20 -> FALSE | O24: =AX24 -> 0 | P24: =AY24 -> 0 | Q24: {=P24+O24+(RAND()*0.00000000000001+1/ROW(14:14)*0.000001)} -> 7.1428572e-08 | R24: =AND(P24=0,O24=0) -> TRUE | S24: {=SUMPRODUCT(($R$11:R24)*1)} -> 12 | U24: =AND(O24=0,P24=0) -> TRUE | V24: {=SUMPRODUCT(($U$10:U24)*1)} -> 12 | X24: {=SUMPRODUCT($I$10:$M$10,(I24:M24<>"NA")*1)} -> 1 | Y24: =IF(I24="NA",0,I$10/$X24) -> 0.3 | Z24: =IF(J24="NA",0,J$10/$X24) -> 0.4 | AA24: =IF(K24="NA",0,K$10/$X24) -> 0.3 | AB24: =IF(L24="NA",0,L$10/$X24) -> 0 | AC24: =IF(M24="NA",0,M$10/$X24) -> 0 | AD24: =IF(X24<1, AE24, "") | AE24: =CONCATENATE("Readjusted weights: ", IF(Y24=0, " ", CONCATENATE($J$8, ":", Y24*100, "% ")), IF(Z24=0, " ", CONCATENATE($K$8, ":", Z24*100, "% ")), IF(AA24=0, " ", CONCATENATE($L$8, ":", AA24*100, "% ")), IF(AB24=0, " ", CONCATENATE($M$8, ":", AB24*100, "% ")), IF(AC24=0, " ", CONCATENATE($N$8, ":", AC24*100, "% ")), " in this use case because ", AF24, " ", AG24, " ", AH24, " ", AI24, " ", AJ24, " has/have NA values in it") -> Readjusted weights: :30% :40% :30% in this use case because has/have NA values in it | AF24: =IF(J24="NA", $J$8,"") | AG24: =IF(K24="NA", $J$8,"") | AH24: =IF(L24="NA", $J$8,"") | AI24: =IF(M24="NA", $J$8,"") | AJ24: =IF(N24="NA", $J$8,"") | AK24: {=SUMPRODUCT($C$10:$G$10,(C24:G24<>"NA")*1)} -> 1 | AL24: =IF(C24="NA",0,C$10/$AK24) -> 0.3 | AM24: =IF(D24="NA",0,D$10/$AK24) -> 0.4 | AN24: =IF(E24="NA",0,E$10/$AK24) -> 0.3 | AO24: =IF(F24="NA",0,F$10/$AK24) -> 0 | AP24: =IF(G24="NA",0,G$10/$AK24) -> 0 | AQ24: =IF(AK24<1, AR24, "") | AR24: =CONCATENATE("Readjusted weights: ", IF(AL24=0, " ", CONCATENATE($D$8, ":", AL24*100, "% ")), IF(AM24=0, " ", CONCATENATE($E$8, ":", AM24*100, "% ")), IF(AN24=0, " ", CONCATENATE($F$8, ":", AN24*100, "% ")), IF(AO24=0, " ", CONCATENATE($G$8, ":", AO24*100, "% ")), IF(AP24=0, " ", CONCATENATE($H$8, ":", AP24*100, "% ")), " in this use case because ", AS24, " ", AT24, " ", AU24, " ", AV24, " ", AW24, " has/have NA values in it") -> Readjusted weights: :30% :40% :30% in this use case because has/have NA values in it | AS24: =IF(C24="NA", C$10,"") | AT24: =IF(D24="NA", D$10,"") | AU24: =IF(E24="NA", E$10,"") | AV24: =IF(F24="NA", F$10,"") | AW24: =IF(G24="NA", G$10,"") | AX24: =SUMPRODUCT(C24:G24,AL24:AP24) -> 0 | AY24: =SUMPRODUCT(I24:M24,Y24:AC24) -> 0
A25: ='Step 1 - Fill in Details'!C21 -> UC15 | B25: ='Step 1 - Fill in Details'!D21 -> FALSE | O25: =AX25 -> 0 | P25: =AY25 -> 0 | Q25: {=P25+O25+(RAND()*0.00000000000001+1/ROW(15:15)*0.000001)} -> 6.6666674e-08 | R25: =AND(P25=0,O25=0) -> TRUE | S25: {=SUMPRODUCT(($R$11:R25)*1)} -> 13 | U25: =AND(O25=0,P25=0) -> TRUE | V25: {=SUMPRODUCT(($U$10:U25)*1)} -> 13 | X25: {=SUMPRODUCT($I$10:$M$10,(I25:M25<>"NA")*1)} -> 1 | Y25: =IF(I25="NA",0,I$10/$X25) -> 0.3 | Z25: =IF(J25="NA",0,J$10/$X25) -> 0.4 | AA25: =IF(K25="NA",0,K$10/$X25) -> 0.3 | AB25: =IF(L25="NA",0,L$10/$X25) -> 0 | AC25: =IF(M25="NA",0,M$10/$X25) -> 0 | AD25: =IF(X25<1, AE25, "") | AE25: =CONCATENATE("Readjusted weights: ", IF(Y25=0, " ", CONCATENATE($J$8, ":", Y25*100, "% ")), IF(Z25=0, " ", CONCATENATE($K$8, ":", Z25*100, "% ")), IF(AA25=0, " ", CONCATENATE($L$8, ":", AA25*100, "% ")), IF(AB25=0, " ", CONCATENATE($M$8, ":", AB25*100, "% ")), IF(AC25=0, " ", CONCATENATE($N$8, ":", AC25*100, "% ")), " in this use case because ", AF25, " ", AG25, " ", AH25, " ", AI25, " ", AJ25, " has/have NA values in it") -> Readjusted weights: :30% :40% :30% in this use case because has/have NA values in it | AF25: =IF(J25="NA", $J$8,"") | AG25: =IF(K25="NA", $J$8,"") | AH25: =IF(L25="NA", $J$8,"") | AI25: =IF(M25="NA", $J$8,"") | AJ25: =IF(N25="NA", $J$8,"") | AK25: {=SUMPRODUCT($C$10:$G$10,(C25:G25<>"NA")*1)} -> 1 | AL25: =IF(C25="NA",0,C$10/$AK25) -> 0.3 | AM25: =IF(D25="NA",0,D$10/$AK25) -> 0.4 | AN25: =IF(E25="NA",0,E$10/$AK25) -> 0.3 | AO25: =IF(F25="NA",0,F$10/$AK25) -> 0 | AP25: =IF(G25="NA",0,G$10/$AK25) -> 0 | AQ25: =IF(AK25<1, AR25, "") | AR25: =CONCATENATE("Readjusted weights: ", IF(AL25=0, " ", CONCATENATE($D$8, ":", AL25*100, "% ")), IF(AM25=0, " ", CONCATENATE($E$8, ":", AM25*100, "% ")), IF(AN25=0, " ", CONCATENATE($F$8, ":", AN25*100, "% ")), IF(AO25=0, " ", CONCATENATE($G$8, ":", AO25*100, "% ")), IF(AP25=0, " ", CONCATENATE($H$8, ":", AP25*100, "% ")), " in this use case because ", AS25, " ", AT25, " ", AU25, " ", AV25, " ", AW25, " has/have NA values in it") -> Readjusted weights: :30% :40% :30% in this use case because has/have NA values in it | AS25: =IF(C25="NA", C$10,"") | AT25: =IF(D25="NA", D$10,"") | AU25: =IF(E25="NA", E$10,"") | AV25: =IF(F25="NA", F$10,"") | AW25: =IF(G25="NA", G$10,"") | AX25: =SUMPRODUCT(C25:G25,AL25:AP25) -> 0 | AY25: =SUMPRODUCT(I25:M25,Y25:AC25) -> 0
A26: ='Step 1 - Fill in Details'!C22 -> UC16 | B26: ='Step 1 - Fill in Details'!D22 -> FALSE | O26: =AX26 -> 0 | P26: =AY26 -> 0 | Q26: {=P26+O26+(RAND()*0.00000000000001+1/ROW(16:16)*0.000001)} -> 6.2500005e-08 | R26: =AND(P26=0,O26=0) -> TRUE | S26: {=SUMPRODUCT(($R$11:R26)*1)} -> 14 | U26: =AND(O26=0,P26=0) -> TRUE | V26: {=SUMPRODUCT(($U$10:U26)*1)} -> 14 | X26: {=SUMPRODUCT($I$10:$M$10,(I26:M26<>"NA")*1)} -> 1 | Y26: =IF(I26="NA",0,I$10/$X26) -> 0.3 | Z26: =IF(J26="NA",0,J$10/$X26) -> 0.4 | AA26: =IF(K26="NA",0,K$10/$X26) -> 0.3 | AB26: =IF(L26="NA",0,L$10/$X26) -> 0 | AC26: =IF(M26="NA",0,M$10/$X26) -> 0 | AD26: =IF(X26<1, AE26, "") | AE26: =CONCATENATE("Readjusted weights: ", IF(Y26=0, " ", CONCATENATE($J$8, ":", Y26*100, "% ")), IF(Z26=0, " ", CONCATENATE($K$8, ":", Z26*100, "% ")), IF(AA26=0, " ", CONCATENATE($L$8, ":", AA26*100, "% ")), IF(AB26=0, " ", CONCATENATE($M$8, ":", AB26*100, "% ")), IF(AC26=0, " ", CONCATENATE($N$8, ":", AC26*100, "% ")), " in this use case because ", AF26, " ", AG26, " ", AH26, " ", AI26, " ", AJ26, " has/have NA values in it") -> Readjusted weights: :30% :40% :30% in this use case because has/have NA values in it | AF26: =IF(J26="NA", $J$8,"") | AG26: =IF(K26="NA", $J$8,"") | AH26: =IF(L26="NA", $J$8,"") | AI26: =IF(M26="NA", $J$8,"") | AJ26: =IF(N26="NA", $J$8,"") | AK26: {=SUMPRODUCT($C$10:$G$10,(C26:G26<>"NA")*1)} -> 1 | AL26: =IF(C26="NA",0,C$10/$AK26) -> 0.3 | AM26: =IF(D26="NA",0,D$10/$AK26) -> 0.4 | AN26: =IF(E26="NA",0,E$10/$AK26) -> 0.3 | AO26: =IF(F26="NA",0,F$10/$AK26) -> 0 | AP26: =IF(G26="NA",0,G$10/$AK26) -> 0 | AQ26: =IF(AK26<1, AR26, "") | AR26: =CONCATENATE("Readjusted weights: ", IF(AL26=0, " ", CONCATENATE($D$8, ":", AL26*100, "% ")), IF(AM26=0, " ", CONCATENATE($E$8, ":", AM26*100, "% ")), IF(AN26=0, " ", CONCATENATE($F$8, ":", AN26*100, "% ")), IF(AO26=0, " ", CONCATENATE($G$8, ":", AO26*100, "% ")), IF(AP26=0, " ", CONCATENATE($H$8, ":", AP26*100, "% ")), " in this use case because ", AS26, " ", AT26, " ", AU26, " ", AV26, " ", AW26, " has/have NA values in it") -> Readjusted weights: :30% :40% :30% in this use case because has/have NA values in it | AS26: =IF(C26="NA", C$10,"") | AT26: =IF(D26="NA", D$10,"") | AU26: =IF(E26="NA", E$10,"") | AV26: =IF(F26="NA", F$10,"") | AW26: =IF(G26="NA", G$10,"") | AX26: =SUMPRODUCT(C26:G26,AL26:AP26) -> 0 | AY26: =SUMPRODUCT(I26:M26,Y26:AC26) -> 0
A27: ='Step 1 - Fill in Details'!C23 -> UC17 | B27: ='Step 1 - Fill in Details'!D23 -> FALSE | O27: =AX27 -> 0 | P27: =AY27 -> 0 | Q27: {=P27+O27+(RAND()*0.00000000000001+1/ROW(17:17)*0.000001)} -> 5.8823536e-08 | R27: =AND(P27=0,O27=0) -> TRUE | S27: {=SUMPRODUCT(($R$11:R27)*1)} -> 15 | U27: =AND(O27=0,P27=0) -> TRUE | V27: {=SUMPRODUCT(($U$10:U27)*1)} -> 15 | X27: {=SUMPRODUCT($I$10:$M$10,(I27:M27<>"NA")*1)} -> 1 | Y27: =IF(I27="NA",0,I$10/$X27) -> 0.3 | Z27: =IF(J27="NA",0,J$10/$X27) -> 0.4 | AA27: =IF(K27="NA",0,K$10/$X27) -> 0.3 | AB27: =IF(L27="NA",0,L$10/$X27) -> 0 | AC27: =IF(M27="NA",0,M$10/$X27) -> 0 | AD27: =IF(X27<1, AE27, "") | AE27: =CONCATENATE("Readjusted weights: ", IF(Y27=0, " ", CONCATENATE($J$8, ":", Y27*100, "% ")), IF(Z27=0, " ", CONCATENATE($K$8, ":", Z27*100, "% ")), IF(AA27=0, " ", CONCATENATE($L$8, ":", AA27*100, "% ")), IF(AB27=0, " ", CONCATENATE($M$8, ":", AB27*100, "% ")), IF(AC27=0, " ", CONCATENATE($N$8, ":", AC27*100, "% ")), " in this use case because ", AF27, " ", AG27, " ", AH27, " ", AI27, " ", AJ27, " has/have NA values in it") -> Readjusted weights: :30% :40% :30% in this use case because has/have NA values in it | AF27: =IF(J27="NA", $J$8,"") | AG27: =IF(K27="NA", $J$8,"") | AH27: =IF(L27="NA", $J$8,"") | AI27: =IF(M27="NA", $J$8,"") | AJ27: =IF(N27="NA", $J$8,"") | AK27: {=SUMPRODUCT($C$10:$G$10,(C27:G27<>"NA")*1)} -> 1 | AL27: =IF(C27="NA",0,C$10/$AK27) -> 0.3 | AM27: =IF(D27="NA",0,D$10/$AK27) -> 0.4 | AN27: =IF(E27="NA",0,E$10/$AK27) -> 0.3 | AO27: =IF(F27="NA",0,F$10/$AK27) -> 0 | AP27: =IF(G27="NA",0,G$10/$AK27) -> 0 | AQ27: =IF(AK27<1, AR27, "") | AR27: =CONCATENATE("Readjusted weights: ", IF(AL27=0, " ", CONCATENATE($D$8, ":", AL27*100, "% ")), IF(AM27=0, " ", CONCATENATE($E$8, ":", AM27*100, "% ")), IF(AN27=0, " ", CONCATENATE($F$8, ":", AN27*100, "% ")), IF(AO27=0, " ", CONCATENATE($G$8, ":", AO27*100, "% ")), IF(AP27=0, " ", CONCATENATE($H$8, ":", AP27*100, "% ")), " in this use case because ", AS27, " ", AT27, " ", AU27, " ", AV27, " ", AW27, " has/have NA values in it") -> Readjusted weights: :30% :40% :30% in this use case because has/have NA values in it | AS27: =IF(C27="NA", C$10,"") | AT27: =IF(D27="NA", D$10,"") | AU27: =IF(E27="NA", E$10,"") | AV27: =IF(F27="NA", F$10,"") | AW27: =IF(G27="NA", G$10,"") | AX27: =SUMPRODUCT(C27:G27,AL27:AP27) -> 0 | AY27: =SUMPRODUCT(I27:M27,Y27:AC27) -> 0
A28: ='Step 1 - Fill in Details'!C24 -> UC18 | B28: ='Step 1 - Fill in Details'!D24 -> FALSE | O28: =AX28 -> 0 | P28: =AY28 -> 0 | Q28: {=P28+O28+(RAND()*0.00000000000001+1/ROW(18:18)*0.000001)} -> 5.5555558e-08 | R28: =AND(P28=0,O28=0) -> TRUE | S28: {=SUMPRODUCT(($R$11:R28)*1)} -> 16 | U28: =AND(O28=0,P28=0) -> TRUE | V28: {=SUMPRODUCT(($U$10:U28)*1)} -> 16 | X28: {=SUMPRODUCT($I$10:$M$10,(I28:M28<>"NA")*1)} -> 1 | Y28: =IF(I28="NA",0,I$10/$X28) -> 0.3 | Z28: =IF(J28="NA",0,J$10/$X28) -> 0.4 | AA28: =IF(K28="NA",0,K$10/$X28) -> 0.3 | AB28: =IF(L28="NA",0,L$10/$X28) -> 0 | AC28: =IF(M28="NA",0,M$10/$X28) -> 0 | AD28: =IF(X28<1, AE28, "") | AE28: =CONCATENATE("Readjusted weights: ", IF(Y28=0, " ", CONCATENATE($J$8, ":", Y28*100, "% ")), IF(Z28=0, " ", CONCATENATE($K$8, ":", Z28*100, "% ")), IF(AA28=0, " ", CONCATENATE($L$8, ":", AA28*100, "% ")), IF(AB28=0, " ", CONCATENATE($M$8, ":", AB28*100, "% ")), IF(AC28=0, " ", CONCATENATE($N$8, ":", AC28*100, "% ")), " in this use case because ", AF28, " ", AG28, " ", AH28, " ", AI28, " ", AJ28, " has/have NA values in it") -> Readjusted weights: :30% :40% :30% in this use case because has/have NA values in it | AF28: =IF(J28="NA", $J$8,"") | AG28: =IF(K28="NA", $J$8,"") | AH28: =IF(L28="NA", $J$8,"") | AI28: =IF(M28="NA", $J$8,"") | AJ28: =IF(N28="NA", $J$8,"") | AK28: {=SUMPRODUCT($C$10:$G$10,(C28:G28<>"NA")*1)} -> 1 | AL28: =IF(C28="NA",0,C$10/$AK28) -> 0.3 | AM28: =IF(D28="NA",0,D$10/$AK28) -> 0.4 | AN28: =IF(E28="NA",0,E$10/$AK28) -> 0.3 | AO28: =IF(F28="NA",0,F$10/$AK28) -> 0 | AP28: =IF(G28="NA",0,G$10/$AK28) -> 0 | AQ28: =IF(AK28<1, AR28, "") | AR28: =CONCATENATE("Readjusted weights: ", IF(AL28=0, " ", CONCATENATE($D$8, ":", AL28*100, "% ")), IF(AM28=0, " ", CONCATENATE($E$8, ":", AM28*100, "% ")), IF(AN28=0, " ", CONCATENATE($F$8, ":", AN28*100, "% ")), IF(AO28=0, " ", CONCATENATE($G$8, ":", AO28*100, "% ")), IF(AP28=0, " ", CONCATENATE($H$8, ":", AP28*100, "% ")), " in this use case because ", AS28, " ", AT28, " ", AU28, " ", AV28, " ", AW28, " has/have NA values in it") -> Readjusted weights: :30% :40% :30% in this use case because has/have NA values in it | AS28: =IF(C28="NA", C$10,"") | AT28: =IF(D28="NA", D$10,"") | AU28: =IF(E28="NA", E$10,"") | AV28: =IF(F28="NA", F$10,"") | AW28: =IF(G28="NA", G$10,"") | AX28: =SUMPRODUCT(C28:G28,AL28:AP28) -> 0 | AY28: =SUMPRODUCT(I28:M28,Y28:AC28) -> 0
A29: ='Step 1 - Fill in Details'!C25 -> UC19 | B29: ='Step 1 - Fill in Details'!D25 -> FALSE | O29: =AX29 -> 0 | P29: =AY29 -> 0 | Q29: {=P29+O29+(RAND()*0.00000000000001+1/ROW(19:19)*0.000001)} -> 5.2631582e-08 | R29: =AND(P29=0,O29=0) -> TRUE | S29: {=SUMPRODUCT(($R$11:R29)*1)} -> 17 | U29: =AND(O29=0,P29=0) -> TRUE | V29: {=SUMPRODUCT(($U$10:U29)*1)} -> 17 | X29: {=SUMPRODUCT($I$10:$M$10,(I29:M29<>"NA")*1)} -> 1 | Y29: =IF(I29="NA",0,I$10/$X29) -> 0.3 | Z29: =IF(J29="NA",0,J$10/$X29) -> 0.4 | AA29: =IF(K29="NA",0,K$10/$X29) -> 0.3 | AB29: =IF(L29="NA",0,L$10/$X29) -> 0 | AC29: =IF(M29="NA",0,M$10/$X29) -> 0 | AD29: =IF(X29<1, AE29, "") | AE29: =CONCATENATE("Readjusted weights: ", IF(Y29=0, " ", CONCATENATE($J$8, ":", Y29*100, "% ")), IF(Z29=0, " ", CONCATENATE($K$8, ":", Z29*100, "% ")), IF(AA29=0, " ", CONCATENATE($L$8, ":", AA29*100, "% ")), IF(AB29=0, " ", CONCATENATE($M$8, ":", AB29*100, "% ")), IF(AC29=0, " ", CONCATENATE($N$8, ":", AC29*100, "% ")), " in this use case because ", AF29, " ", AG29, " ", AH29, " ", AI29, " ", AJ29, " has/have NA values in it") -> Readjusted weights: :30% :40% :30% in this use case because has/have NA values in it | AF29: =IF(J29="NA", $J$8,"") | AG29: =IF(K29="NA", $J$8,"") | AH29: =IF(L29="NA", $J$8,"") | AI29: =IF(M29="NA", $J$8,"") | AJ29: =IF(N29="NA", $J$8,"") | AK29: {=SUMPRODUCT($C$10:$G$10,(C29:G29<>"NA")*1)} -> 1 | AL29: =IF(C29="NA",0,C$10/$AK29) -> 0.3 | AM29: =IF(D29="NA",0,D$10/$AK29) -> 0.4 | AN29: =IF(E29="NA",0,E$10/$AK29) -> 0.3 | AO29: =IF(F29="NA",0,F$10/$AK29) -> 0 | AP29: =IF(G29="NA",0,G$10/$AK29) -> 0 | AQ29: =IF(AK29<1, AR29, "") | AR29: =CONCATENATE("Readjusted weights: ", IF(AL29=0, " ", CONCATENATE($D$8, ":", AL29*100, "% ")), IF(AM29=0, " ", CONCATENATE($E$8, ":", AM29*100, "% ")), IF(AN29=0, " ", CONCATENATE($F$8, ":", AN29*100, "% ")), IF(AO29=0, " ", CONCATENATE($G$8, ":", AO29*100, "% ")), IF(AP29=0, " ", CONCATENATE($H$8, ":", AP29*100, "% ")), " in this use case because ", AS29, " ", AT29, " ", AU29, " ", AV29, " ", AW29, " has/have NA values in it") -> Readjusted weights: :30% :40% :30% in this use case because has/have NA values in it | AS29: =IF(C29="NA", C$10,"") | AT29: =IF(D29="NA", D$10,"") | AU29: =IF(E29="NA", E$10,"") | AV29: =IF(F29="NA", F$10,"") | AW29: =IF(G29="NA", G$10,"") | AX29: =SUMPRODUCT(C29:G29,AL29:AP29) -> 0 | AY29: =SUMPRODUCT(I29:M29,Y29:AC29) -> 0
A30: ='Step 1 - Fill in Details'!C26 -> UC20 | B30: ='Step 1 - Fill in Details'!D26 -> FALSE | O30: =AX30 -> 0 | P30: =AY30 -> 0 | Q30: {=P30+O30+(RAND()*0.00000000000001+1/ROW(20:20)*0.000001)} -> 5.0000009e-08 | R30: =AND(P30=0,O30=0) -> TRUE | S30: {=SUMPRODUCT(($R$11:R30)*1)} -> 18 | U30: =AND(O30=0,P30=0) -> TRUE | V30: {=SUMPRODUCT(($U$10:U30)*1)} -> 18 | X30: {=SUMPRODUCT($I$10:$M$10,(I30:M30<>"NA")*1)} -> 1 | Y30: =IF(I30="NA",0,I$10/$X30) -> 0.3 | Z30: =IF(J30="NA",0,J$10/$X30) -> 0.4 | AA30: =IF(K30="NA",0,K$10/$X30) -> 0.3 | AB30: =IF(L30="NA",0,L$10/$X30) -> 0 | AC30: =IF(M30="NA",0,M$10/$X30) -> 0 | AD30: =IF(X30<1, AE30, "") | AE30: =CONCATENATE("Readjusted weights: ", IF(Y30=0, " ", CONCATENATE($J$8, ":", Y30*100, "% ")), IF(Z30=0, " ", CONCATENATE($K$8, ":", Z30*100, "% ")), IF(AA30=0, " ", CONCATENATE($L$8, ":", AA30*100, "% ")), IF(AB30=0, " ", CONCATENATE($M$8, ":", AB30*100, "% ")), IF(AC30=0, " ", CONCATENATE($N$8, ":", AC30*100, "% ")), " in this use case because ", AF30, " ", AG30, " ", AH30, " ", AI30, " ", AJ30, " has/have NA values in it") -> Readjusted weights: :30% :40% :30% in this use case because has/have NA values in it | AF30: =IF(J30="NA", $J$8,"") | AG30: =IF(K30="NA", $J$8,"") | AH30: =IF(L30="NA", $J$8,"") | AI30: =IF(M30="NA", $J$8,"") | AJ30: =IF(N30="NA", $J$8,"") | AK30: {=SUMPRODUCT($C$10:$G$10,(C30:G30<>"NA")*1)} -> 1 | AL30: =IF(C30="NA",0,C$10/$AK30) -> 0.3 | AM30: =IF(D30="NA",0,D$10/$AK30) -> 0.4 | AN30: =IF(E30="NA",0,E$10/$AK30) -> 0.3 | AO30: =IF(F30="NA",0,F$10/$AK30) -> 0 | AP30: =IF(G30="NA",0,G$10/$AK30) -> 0 | AQ30: =IF(AK30<1, AR30, "") | AR30: =CONCATENATE("Readjusted weights: ", IF(AL30=0, " ", CONCATENATE($D$8, ":", AL30*100, "% ")), IF(AM30=0, " ", CONCATENATE($E$8, ":", AM30*100, "% ")), IF(AN30=0, " ", CONCATENATE($F$8, ":", AN30*100, "% ")), IF(AO30=0, " ", CONCATENATE($G$8, ":", AO30*100, "% ")), IF(AP30=0, " ", CONCATENATE($H$8, ":", AP30*100, "% ")), " in this use case because ", AS30, " ", AT30, " ", AU30, " ", AV30, " ", AW30, " has/have NA values in it") -> Readjusted weights: :30% :40% :30% in this use case because has/have NA values in it | AS30: =IF(C30="NA", C$10,"") | AT30: =IF(D30="NA", D$10,"") | AU30: =IF(E30="NA", E$10,"") | AV30: =IF(F30="NA", F$10,"") | AW30: =IF(G30="NA", G$10,"") | AX30: =SUMPRODUCT(C30:G30,AL30:AP30) -> 0 | AY30: =SUMPRODUCT(I30:M30,Y30:AC30) -> 0
A31: ='Step 1 - Fill in Details'!C27 -> UC21 | B31: ='Step 1 - Fill in Details'!D27 -> FALSE | O31: =AX31 -> 0 | P31: =AY31 -> 0 | Q31: {=P31+O31+(RAND()*0.00000000000001+1/ROW(21:21)*0.000001)} -> 4.7619052e-08 | R31: =AND(P31=0,O31=0) -> TRUE | S31: {=SUMPRODUCT(($R$11:R31)*1)} -> 19 | U31: =AND(O31=0,P31=0) -> TRUE | V31: {=SUMPRODUCT(($U$10:U31)*1)} -> 19 | X31: {=SUMPRODUCT($I$10:$M$10,(I31:M31<>"NA")*1)} -> 1 | Y31: =IF(I31="NA",0,I$10/$X31) -> 0.3 | Z31: =IF(J31="NA",0,J$10/$X31) -> 0.4 | AA31: =IF(K31="NA",0,K$10/$X31) -> 0.3 | AB31: =IF(L31="NA",0,L$10/$X31) -> 0 | AC31: =IF(M31="NA",0,M$10/$X31) -> 0 | AD31: =IF(X31<1, AE31, "") | AE31: =CONCATENATE("Readjusted weights: ", IF(Y31=0, " ", CONCATENATE($J$8, ":", Y31*100, "% ")), IF(Z31=0, " ", CONCATENATE($K$8, ":", Z31*100, "% ")), IF(AA31=0, " ", CONCATENATE($L$8, ":", AA31*100, "% ")), IF(AB31=0, " ", CONCATENATE($M$8, ":", AB31*100, "% ")), IF(AC31=0, " ", CONCATENATE($N$8, ":", AC31*100, "% ")), " in this use case because ", AF31, " ", AG31, " ", AH31, " ", AI31, " ", AJ31, " has/have NA values in it") -> Readjusted weights: :30% :40% :30% in this use case because has/have NA values in it | AF31: =IF(J31="NA", $J$8,"") | AG31: =IF(K31="NA", $J$8,"") | AH31: =IF(L31="NA", $J$8,"") | AI31: =IF(M31="NA", $J$8,"") | AJ31: =IF(N31="NA", $J$8,"") | AK31: {=SUMPRODUCT($C$10:$G$10,(C31:G31<>"NA")*1)} -> 1 | AL31: =IF(C31="NA",0,C$10/$AK31) -> 0.3 | AM31: =IF(D31="NA",0,D$10/$AK31) -> 0.4 | AN31: =IF(E31="NA",0,E$10/$AK31) -> 0.3 | AO31: =IF(F31="NA",0,F$10/$AK31) -> 0 | AP31: =IF(G31="NA",0,G$10/$AK31) -> 0 | AQ31: =IF(AK31<1, AR31, "") | AR31: =CONCATENATE("Readjusted weights: ", IF(AL31=0, " ", CONCATENATE($D$8, ":", AL31*100, "% ")), IF(AM31=0, " ", CONCATENATE($E$8, ":", AM31*100, "% ")), IF(AN31=0, " ", CONCATENATE($F$8, ":", AN31*100, "% ")), IF(AO31=0, " ", CONCATENATE($G$8, ":", AO31*100, "% ")), IF(AP31=0, " ", CONCATENATE($H$8, ":", AP31*100, "% ")), " in this use case because ", AS31, " ", AT31, " ", AU31, " ", AV31, " ", AW31, " has/have NA values in it") -> Readjusted weights: :30% :40% :30% in this use case because has/have NA values in it | AS31: =IF(C31="NA", C$10,"") | AT31: =IF(D31="NA", D$10,"") | AU31: =IF(E31="NA", E$10,"") | AV31: =IF(F31="NA", F$10,"") | AW31: =IF(G31="NA", G$10,"") | AX31: =SUMPRODUCT(C31:G31,AL31:AP31) -> 0 | AY31: =SUMPRODUCT(I31:M31,Y31:AC31) -> 0
A32: ='Step 1 - Fill in Details'!C28 -> UC22 | B32: ='Step 1 - Fill in Details'!D28 -> FALSE | O32: =AX32 -> 0 | P32: =AY32 -> 0 | Q32: {=P32+O32+(RAND()*0.00000000000001+1/ROW(22:22)*0.000001)} -> 4.5454546e-08 | R32: =AND(P32=0,O32=0) -> TRUE | S32: {=SUMPRODUCT(($R$11:R32)*1)} -> 20 | U32: =AND(O32=0,P32=0) -> TRUE | V32: {=SUMPRODUCT(($U$10:U32)*1)} -> 20 | X32: {=SUMPRODUCT($I$10:$M$10,(I32:M32<>"NA")*1)} -> 1 | Y32: =IF(I32="NA",0,I$10/$X32) -> 0.3 | Z32: =IF(J32="NA",0,J$10/$X32) -> 0.4 | AA32: =IF(K32="NA",0,K$10/$X32) -> 0.3 | AB32: =IF(L32="NA",0,L$10/$X32) -> 0 | AC32: =IF(M32="NA",0,M$10/$X32) -> 0 | AD32: =IF(X32<1, AE32, "") | AE32: =CONCATENATE("Readjusted weights: ", IF(Y32=0, " ", CONCATENATE($J$8, ":", Y32*100, "% ")), IF(Z32=0, " ", CONCATENATE($K$8, ":", Z32*100, "% ")), IF(AA32=0, " ", CONCATENATE($L$8, ":", AA32*100, "% ")), IF(AB32=0, " ", CONCATENATE($M$8, ":", AB32*100, "% ")), IF(AC32=0, " ", CONCATENATE($N$8, ":", AC32*100, "% ")), " in this use case because ", AF32, " ", AG32, " ", AH32, " ", AI32, " ", AJ32, " has/have NA values in it") -> Readjusted weights: :30% :40% :30% in this use case because has/have NA values in it | AF32: =IF(J32="NA", $J$8,"") | AG32: =IF(K32="NA", $J$8,"") | AH32: =IF(L32="NA", $J$8,"") | AI32: =IF(M32="NA", $J$8,"") | AJ32: =IF(N32="NA", $J$8,"") | AK32: {=SUMPRODUCT($C$10:$G$10,(C32:G32<>"NA")*1)} -> 1 | AL32: =IF(C32="NA",0,C$10/$AK32) -> 0.3 | AM32: =IF(D32="NA",0,D$10/$AK32) -> 0.4 | AN32: =IF(E32="NA",0,E$10/$AK32) -> 0.3 | AO32: =IF(F32="NA",0,F$10/$AK32) -> 0 | AP32: =IF(G32="NA",0,G$10/$AK32) -> 0 | AQ32: =IF(AK32<1, AR32, "") | AR32: =CONCATENATE("Readjusted weights: ", IF(AL32=0, " ", CONCATENATE($D$8, ":", AL32*100, "% ")), IF(AM32=0, " ", CONCATENATE($E$8, ":", AM32*100, "% ")), IF(AN32=0, " ", CONCATENATE($F$8, ":", AN32*100, "% ")), IF(AO32=0, " ", CONCATENATE($G$8, ":", AO32*100, "% ")), IF(AP32=0, " ", CONCATENATE($H$8, ":", AP32*100, "% ")), " in this use case because ", AS32, " ", AT32, " ", AU32, " ", AV32, " ", AW32, " has/have NA values in it") -> Readjusted weights: :30% :40% :30% in this use case because has/have NA values in it | AS32: =IF(C32="NA", C$10,"") | AT32: =IF(D32="NA", D$10,"") | AU32: =IF(E32="NA", E$10,"") | AV32: =IF(F32="NA", F$10,"") | AW32: =IF(G32="NA", G$10,"") | AX32: =SUMPRODUCT(C32:G32,AL32:AP32) -> 0 | AY32: =SUMPRODUCT(I32:M32,Y32:AC32) -> 0
A33: ='Step 1 - Fill in Details'!C29 -> UC23 | B33: ='Step 1 - Fill in Details'!D29 -> FALSE | O33: =AX33 -> 0 | P33: =AY33 -> 0 | Q33: {=P33+O33+(RAND()*0.00000000000001+1/ROW(23:23)*0.000001)} -> 4.3478268e-08 | R33: =AND(P33=0,O33=0) -> TRUE | S33: {=SUMPRODUCT(($R$11:R33)*1)} -> 21 | U33: =AND(O33=0,P33=0) -> TRUE | V33: {=SUMPRODUCT(($U$10:U33)*1)} -> 21 | X33: {=SUMPRODUCT($I$10:$M$10,(I33:M33<>"NA")*1)} -> 1 | Y33: =IF(I33="NA",0,I$10/$X33) -> 0.3 | Z33: =IF(J33="NA",0,J$10/$X33) -> 0.4 | AA33: =IF(K33="NA",0,K$10/$X33) -> 0.3 | AB33: =IF(L33="NA",0,L$10/$X33) -> 0 | AC33: =IF(M33="NA",0,M$10/$X33) -> 0 | AD33: =IF(X33<1, AE33, "") | AE33: =CONCATENATE("Readjusted weights: ", IF(Y33=0, " ", CONCATENATE($J$8, ":", Y33*100, "% ")), IF(Z33=0, " ", CONCATENATE($K$8, ":", Z33*100, "% ")), IF(AA33=0, " ", CONCATENATE($L$8, ":", AA33*100, "% ")), IF(AB33=0, " ", CONCATENATE($M$8, ":", AB33*100, "% ")), IF(AC33=0, " ", CONCATENATE($N$8, ":", AC33*100, "% ")), " in this use case because ", AF33, " ", AG33, " ", AH33, " ", AI33, " ", AJ33, " has/have NA values in it") -> Readjusted weights: :30% :40% :30% in this use case because has/have NA values in it | AF33: =IF(J33="NA", $J$8,"") | AG33: =IF(K33="NA", $J$8,"") | AH33: =IF(L33="NA", $J$8,"") | AI33: =IF(M33="NA", $J$8,"") | AJ33: =IF(N33="NA", $J$8,"") | AK33: {=SUMPRODUCT($C$10:$G$10,(C33:G33<>"NA")*1)} -> 1 | AL33: =IF(C33="NA",0,C$10/$AK33) -> 0.3 | AM33: =IF(D33="NA",0,D$10/$AK33) -> 0.4 | AN33: =IF(E33="NA",0,E$10/$AK33) -> 0.3 | AO33: =IF(F33="NA",0,F$10/$AK33) -> 0 | AP33: =IF(G33="NA",0,G$10/$AK33) -> 0 | AQ33: =IF(AK33<1, AR33, "") | AR33: =CONCATENATE("Readjusted weights: ", IF(AL33=0, " ", CONCATENATE($D$8, ":", AL33*100, "% ")), IF(AM33=0, " ", CONCATENATE($E$8, ":", AM33*100, "% ")), IF(AN33=0, " ", CONCATENATE($F$8, ":", AN33*100, "% ")), IF(AO33=0, " ", CONCATENATE($G$8, ":", AO33*100, "% ")), IF(AP33=0, " ", CONCATENATE($H$8, ":", AP33*100, "% ")), " in this use case because ", AS33, " ", AT33, " ", AU33, " ", AV33, " ", AW33, " has/have NA values in it") -> Readjusted weights: :30% :40% :30% in this use case because has/have NA values in it | AS33: =IF(C33="NA", C$10,"") | AT33: =IF(D33="NA", D$10,"") | AU33: =IF(E33="NA", E$10,"") | AV33: =IF(F33="NA", F$10,"") | AW33: =IF(G33="NA", G$10,"") | AX33: =SUMPRODUCT(C33:G33,AL33:AP33) -> 0 | AY33: =SUMPRODUCT(I33:M33,Y33:AC33) -> 0
A34: ='Step 1 - Fill in Details'!C30 -> UC24 | B34: ='Step 1 - Fill in Details'!D30 -> FALSE | O34: =AX34 -> 0 | P34: =AY34 -> 0 | Q34: {=P34+O34+(RAND()*0.00000000000001+1/ROW(24:24)*0.000001)} -> 4.1666667e-08 | R34: =AND(P34=0,O34=0) -> TRUE | S34: {=SUMPRODUCT(($R$11:R34)*1)} -> 22 | U34: =AND(O34=0,P34=0) -> TRUE | V34: {=SUMPRODUCT(($U$10:U34)*1)} -> 22 | X34: {=SUMPRODUCT($I$10:$M$10,(I34:M34<>"NA")*1)} -> 1 | Y34: =IF(I34="NA",0,I$10/$X34) -> 0.3 | Z34: =IF(J34="NA",0,J$10/$X34) -> 0.4 | AA34: =IF(K34="NA",0,K$10/$X34) -> 0.3 | AB34: =IF(L34="NA",0,L$10/$X34) -> 0 | AC34: =IF(M34="NA",0,M$10/$X34) -> 0 | AD34: =IF(X34<1, AE34, "") | AE34: =CONCATENATE("Readjusted weights: ", IF(Y34=0, " ", CONCATENATE($J$8, ":", Y34*100, "% ")), IF(Z34=0, " ", CONCATENATE($K$8, ":", Z34*100, "% ")), IF(AA34=0, " ", CONCATENATE($L$8, ":", AA34*100, "% ")), IF(AB34=0, " ", CONCATENATE($M$8, ":", AB34*100, "% ")), IF(AC34=0, " ", CONCATENATE($N$8, ":", AC34*100, "% ")), " in this use case because ", AF34, " ", AG34, " ", AH34, " ", AI34, " ", AJ34, " has/have NA values in it") -> Readjusted weights: :30% :40% :30% in this use case because has/have NA values in it | AF34: =IF(J34="NA", $J$8,"") | AG34: =IF(K34="NA", $J$8,"") | AH34: =IF(L34="NA", $J$8,"") | AI34: =IF(M34="NA", $J$8,"") | AJ34: =IF(N34="NA", $J$8,"") | AK34: {=SUMPRODUCT($C$10:$G$10,(C34:G34<>"NA")*1)} -> 1 | AL34: =IF(C34="NA",0,C$10/$AK34) -> 0.3 | AM34: =IF(D34="NA",0,D$10/$AK34) -> 0.4 | AN34: =IF(E34="NA",0,E$10/$AK34) -> 0.3 | AO34: =IF(F34="NA",0,F$10/$AK34) -> 0 | AP34: =IF(G34="NA",0,G$10/$AK34) -> 0 | AQ34: =IF(AK34<1, AR34, "") | AR34: =CONCATENATE("Readjusted weights: ", IF(AL34=0, " ", CONCATENATE($D$8, ":", AL34*100, "% ")), IF(AM34=0, " ", CONCATENATE($E$8, ":", AM34*100, "% ")), IF(AN34=0, " ", CONCATENATE($F$8, ":", AN34*100, "% ")), IF(AO34=0, " ", CONCATENATE($G$8, ":", AO34*100, "% ")), IF(AP34=0, " ", CONCATENATE($H$8, ":", AP34*100, "% ")), " in this use case because ", AS34, " ", AT34, " ", AU34, " ", AV34, " ", AW34, " has/have NA values in it") -> Readjusted weights: :30% :40% :30% in this use case because has/have NA values in it | AS34: =IF(C34="NA", C$10,"") | AT34: =IF(D34="NA", D$10,"") | AU34: =IF(E34="NA", E$10,"") | AV34: =IF(F34="NA", F$10,"") | AW34: =IF(G34="NA", G$10,"") | AX34: =SUMPRODUCT(C34:G34,AL34:AP34) -> 0 | AY34: =SUMPRODUCT(I34:M34,Y34:AC34) -> 0
A35: ='Step 1 - Fill in Details'!C31 -> UC25 | B35: ='Step 1 - Fill in Details'!D31 -> FALSE | O35: =AX35 -> 0 | P35: =AY35 -> 0 | Q35: {=P35+O35+(RAND()*0.00000000000001+1/ROW(25:25)*0.000001)} -> 4.0000002e-08 | R35: =AND(P35=0,O35=0) -> TRUE | S35: {=SUMPRODUCT(($R$11:R35)*1)} -> 23 | U35: =AND(O35=0,P35=0) -> TRUE | V35: {=SUMPRODUCT(($U$10:U35)*1)} -> 23 | X35: {=SUMPRODUCT($I$10:$M$10,(I35:M35<>"NA")*1)} -> 1 | Y35: =IF(I35="NA",0,I$10/$X35) -> 0.3 | Z35: =IF(J35="NA",0,J$10/$X35) -> 0.4 | AA35: =IF(K35="NA",0,K$10/$X35) -> 0.3 | AB35: =IF(L35="NA",0,L$10/$X35) -> 0 | AC35: =IF(M35="NA",0,M$10/$X35) -> 0 | AD35: =IF(X35<1, AE35, "") | AE35: =CONCATENATE("Readjusted weights: ", IF(Y35=0, " ", CONCATENATE($J$8, ":", Y35*100, "% ")), IF(Z35=0, " ", CONCATENATE($K$8, ":", Z35*100, "% ")), IF(AA35=0, " ", CONCATENATE($L$8, ":", AA35*100, "% ")), IF(AB35=0, " ", CONCATENATE($M$8, ":", AB35*100, "% ")), IF(AC35=0, " ", CONCATENATE($N$8, ":", AC35*100, "% ")), " in this use case because ", AF35, " ", AG35, " ", AH35, " ", AI35, " ", AJ35, " has/have NA values in it") -> Readjusted weights: :30% :40% :30% in this use case because has/have NA values in it | AF35: =IF(J35="NA", $J$8,"") | AG35: =IF(K35="NA", $J$8,"") | AH35: =IF(L35="NA", $J$8,"") | AI35: =IF(M35="NA", $J$8,"") | AJ35: =IF(N35="NA", $J$8,"") | AK35: {=SUMPRODUCT($C$10:$G$10,(C35:G35<>"NA")*1)} -> 1 | AL35: =IF(C35="NA",0,C$10/$AK35) -> 0.3 | AM35: =IF(D35="NA",0,D$10/$AK35) -> 0.4 | AN35: =IF(E35="NA",0,E$10/$AK35) -> 0.3 | AO35: =IF(F35="NA",0,F$10/$AK35) -> 0 | AP35: =IF(G35="NA",0,G$10/$AK35) -> 0 | AQ35: =IF(AK35<1, AR35, "") | AR35: =CONCATENATE("Readjusted weights: ", IF(AL35=0, " ", CONCATENATE($D$8, ":", AL35*100, "% ")), IF(AM35=0, " ", CONCATENATE($E$8, ":", AM35*100, "% ")), IF(AN35=0, " ", CONCATENATE($F$8, ":", AN35*100, "% ")), IF(AO35=0, " ", CONCATENATE($G$8, ":", AO35*100, "% ")), IF(AP35=0, " ", CONCATENATE($H$8, ":", AP35*100, "% ")), " in this use case because ", AS35, " ", AT35, " ", AU35, " ", AV35, " ", AW35, " has/have NA values in it") -> Readjusted weights: :30% :40% :30% in this use case because has/have NA values in it | AS35: =IF(C35="NA", C$10,"") | AT35: =IF(D35="NA", D$10,"") | AU35: =IF(E35="NA", E$10,"") | AV35: =IF(F35="NA", F$10,"") | AW35: =IF(G35="NA", G$10,"") | AX35: =SUMPRODUCT(C35:G35,AL35:AP35) -> 0 | AY35: =SUMPRODUCT(I35:M35,Y35:AC35) -> 0

Sheet (VIEW) Symbol Sheet
D4: ='Step 2 - Scoring'!C7 -> Business Value | O4: ='Step 2 - Scoring'!I7 -> Feasibility
D5: =IFERROR(INDEX('Step 1 - Fill in Details'!$K$28:$M$37,MATCH('(VIEW) Symbol Sheet'!E5,'Step 1 - Fill in Details'!$L$28:$L$37,0),1),"") -> 1 | E5: ='Step 2 - Scoring'!C9 -> Cost Reduction | F5: =IFERROR(INDEX('Step 1 - Fill in Details'!$K$28:$M$37,MATCH('(VIEW) Symbol Sheet'!G5,'Step 1 - Fill in Details'!$L$28:$L$37,0),1),"") -> 2 | G5: ='Step 2 - Scoring'!D9 -> Revenue Optimization | H5: =IFERROR(INDEX('Step 1 - Fill in Details'!$K$28:$M$37,MATCH('(VIEW) Symbol Sheet'!I5,'Step 1 - Fill in Details'!$L$28:$L$37,0),1),"") -> 3 | I5: ='Step 2 - Scoring'!E9 -> CX Improvement | J5: =IFERROR(INDEX('Step 1 - Fill in Details'!$K$28:$M$37,MATCH('(VIEW) Symbol Sheet'!K5,'Step 1 - Fill in Details'!$L$28:$L$37,0),1),"") | K5: ='Step 2 - Scoring'!F9 | L5: =IFERROR(INDEX('Step 1 - Fill in Details'!$K$28:$M$37,MATCH('(VIEW) Symbol Sheet'!M5,'Step 1 - Fill in Details'!$L$28:$L$37,0),1),"") | M5: ='Step 2 - Scoring'!G9 | O5: =IFERROR(INDEX('Step 1 - Fill in Details'!$K$28:$M$37,MATCH('(VIEW) Symbol Sheet'!P5,'Step 1 - Fill in Details'!$L$28:$L$37,0),1),"") -> 4 | P5: ='Step 2 - Scoring'!I9 -> Technical | Q5: =IFERROR(INDEX('Step 1 - Fill in Details'!$K$28:$M$37,MATCH('(VIEW) Symbol Sheet'!R5,'Step 1 - Fill in Details'!$L$28:$L$37,0),1),"") -> 5 | R5: ='Step 2 - Scoring'!J9 -> Internal | S5: =IFERROR(INDEX('Step 1 - Fill in Details'!$K$28:$M$37,MATCH('(VIEW) Symbol Sheet'!T5,'Step 1 - Fill in Details'!$L$28:$L$37,0),1),"") -> 6 | T5: ='Step 2 - Scoring'!K9 -> External | U5: =IFERROR(INDEX('Step 1 - Fill in Details'!$K$28:$M$37,MATCH('(VIEW) Symbol Sheet'!V5,'Step 1 - Fill in Details'!$L$28:$L$37,0),1),"") | V5: ='Step 2 - Scoring'!L9 | W5: =IFERROR(INDEX('Step 1 - Fill in Details'!$K$28:$M$37,MATCH('(VIEW) Symbol Sheet'!X5,'Step 1 - Fill in Details'!$L$28:$L$37,0),1),"") | X5: ='Step 2 - Scoring'!M9
A6: ='Step 1 - Fill in Details'!D7 -> TRUE | C6: ='Step 1 - Fill in Details'!C7 -> Example Use Case 1 | E6: {=_xlfn.IFS('Step 2 - Scoring'!C11= "", "", 'Step 2 - Scoring'!C11=0, "○", 'Step 2 - Scoring'!C11<1.5, "◔",'Step 2 - Scoring'!C11<=2, "◑", 'Step 2 - Scoring'!C11<=3, "◕", 'Step 2 - Scoring'!C11<=4, "⬤" )} -> ⬤ | G6: {=_xlfn.IFS('Step 2 - Scoring'!D11= "", "", 'Step 2 - Scoring'!D11=0, "○", 'Step 2 - Scoring'!D11<1.5, "◔",'Step 2 - Scoring'!D11<=2, "◑", 'Step 2 - Scoring'!D11<=3, "◕", 'Step 2 - Scoring'!D11<=4, "⬤" )} -> ○ | I6: {=_xlfn.IFS('Step 2 - Scoring'!E11= "", "", 'Step 2 - Scoring'!E11=0, "○", 'Step 2 - Scoring'!E11<1.5, "◔",'Step 2 - Scoring'!E11<=2, "◑", 'Step 2 - Scoring'!E11<=3, "◕", 'Step 2 - Scoring'!E11<=4, "⬤" )} -> ⬤ | K6: {=_xlfn.IFS('Step 2 - Scoring'!F11= "", "", 'Step 2 - Scoring'!F11=0, "○", 'Step 2 - Scoring'!F11<1.5, "◔",'Step 2 - Scoring'!F11<=2, "◑", 'Step 2 - Scoring'!F11<=3, "◕", 'Step 2 - Scoring'!F11<=4, "⬤" )} | M6: {=_xlfn.IFS('Step 2 - Scoring'!G11= "", "", 'Step 2 - Scoring'!G11=0, "○", 'Step 2 - Scoring'!G11<1.5, "◔",'Step 2 - Scoring'!G11<=2, "◑", 'Step 2 - Scoring'!G11<=3, "◕", 'Step 2 - Scoring'!G11<=4, "⬤" )} | P6: {=IFERROR(_xlfn.IFS('Step 2 - Scoring'!I11= "", "", 'Step 2 - Scoring'!I11=0, "○", 'Step 2 - Scoring'!I11<1.5, "◔",'Step 2 - Scoring'!I11<=2, "◑", 'Step 2 - Scoring'!I11<=3, "◕", 'Step 2 - Scoring'!I11<=4, "⬤" ),"-")} -> - | R6: {=IFERROR(_xlfn.IFS('Step 2 - Scoring'!J11= "", "", 'Step 2 - Scoring'!J11=0, "○", 'Step 2 - Scoring'!J11<1.5, "◔",'Step 2 - Scoring'!J11<=2, "◑", 'Step 2 - Scoring'!J11<=3, "◕", 'Step 2 - Scoring'!J11<=4, "⬤" ),"-")} -> ◑ | T6: {=IFERROR(_xlfn.IFS('Step 2 - Scoring'!K11= "", "", 'Step 2 - Scoring'!K11=0, "○", 'Step 2 - Scoring'!K11<1.5, "◔",'Step 2 - Scoring'!K11<=2, "◑", 'Step 2 - Scoring'!K11<=3, "◕", 'Step 2 - Scoring'!K11<=4, "⬤" ),"-")} -> ◔ | V6: {=IFERROR(_xlfn.IFS('Step 2 - Scoring'!L11= "", "", 'Step 2 - Scoring'!L11=0, "○", 'Step 2 - Scoring'!L11<1.5, "◔",'Step 2 - Scoring'!L11<=2, "◑", 'Step 2 - Scoring'!L11<=3, "◕", 'Step 2 - Scoring'!L11<=4, "⬤" ),"-")} | X6: {=IFERROR(_xlfn.IFS('Step 2 - Scoring'!M11= "", "", 'Step 2 - Scoring'!M11=0, "○", 'Step 2 - Scoring'!M11<1.5, "◔",'Step 2 - Scoring'!M11<=2, "◑", 'Step 2 - Scoring'!M11<=3, "◕", 'Step 2 - Scoring'!M11<=4, "⬤" ),"-")}
A7: ='Step 1 - Fill in Details'!D8 -> TRUE | C7: ='Step 1 - Fill in Details'!C8 -> Example Use Case 2 | E7: {=_xlfn.IFS('Step 2 - Scoring'!C12= "", "", 'Step 2 - Scoring'!C12=0, "○", 'Step 2 - Scoring'!C12<1.5, "◔",'Step 2 - Scoring'!C12<=2, "◑", 'Step 2 - Scoring'!C12<=3, "◕", 'Step 2 - Scoring'!C12<=4, "⬤" )} -> ◔ | G7: {=_xlfn.IFS('Step 2 - Scoring'!D12= "", "", 'Step 2 - Scoring'!D12=0, "○", 'Step 2 - Scoring'!D12<1.5, "◔",'Step 2 - Scoring'!D12<=2, "◑", 'Step 2 - Scoring'!D12<=3, "◕", 'Step 2 - Scoring'!D12<=4, "⬤" )} -> ○ | I7: {=_xlfn.IFS('Step 2 - Scoring'!E12= "", "", 'Step 2 - Scoring'!E12=0, "○", 'Step 2 - Scoring'!E12<1.5, "◔",'Step 2 - Scoring'!E12<=2, "◑", 'Step 2 - Scoring'!E12<=3, "◕", 'Step 2 - Scoring'!E12<=4, "⬤" )} -> ◕ | K7: {=_xlfn.IFS('Step 2 - Scoring'!F12= "", "", 'Step 2 - Scoring'!F12=0, "○", 'Step 2 - Scoring'!F12<1.5, "◔",'Step 2 - Scoring'!F12<=2, "◑", 'Step 2 - Scoring'!F12<=3, "◕", 'Step 2 - Scoring'!F12<=4, "⬤" )} | M7: {=_xlfn.IFS('Step 2 - Scoring'!G12= "", "", 'Step 2 - Scoring'!G12=0, "○", 'Step 2 - Scoring'!G12<1.5, "◔",'Step 2 - Scoring'!G12<=2, "◑", 'Step 2 - Scoring'!G12<=3, "◕", 'Step 2 - Scoring'!G12<=4, "⬤" )} | P7: {=IFERROR(_xlfn.IFS('Step 2 - Scoring'!I12= "", "", 'Step 2 - Scoring'!I12=0, "○", 'Step 2 - Scoring'!I12<1.5, "◔",'Step 2 - Scoring'!I12<=2, "◑", 'Step 2 - Scoring'!I12<=3, "◕", 'Step 2 - Scoring'!I12<=4, "⬤" ),"-")} -> - | R7: {=IFERROR(_xlfn.IFS('Step 2 - Scoring'!J12= "", "", 'Step 2 - Scoring'!J12=0, "○", 'Step 2 - Scoring'!J12<1.5, "◔",'Step 2 - Scoring'!J12<=2, "◑", 'Step 2 - Scoring'!J12<=3, "◕", 'Step 2 - Scoring'!J12<=4, "⬤" ),"-")} -> - | T7: {=IFERROR(_xlfn.IFS('Step 2 - Scoring'!K12= "", "", 'Step 2 - Scoring'!K12=0, "○", 'Step 2 - Scoring'!K12<1.5, "◔",'Step 2 - Scoring'!K12<=2, "◑", 'Step 2 - Scoring'!K12<=3, "◕", 'Step 2 - Scoring'!K12<=4, "⬤" ),"-")} -> ◔ | V7: {=IFERROR(_xlfn.IFS('Step 2 - Scoring'!L12= "", "", 'Step 2 - Scoring'!L12=0, "○", 'Step 2 - Scoring'!L12<1.5, "◔",'Step 2 - Scoring'!L12<=2, "◑", 'Step 2 - Scoring'!L12<=3, "◕", 'Step 2 - Scoring'!L12<=4, "⬤" ),"-")} | X7: {=IFERROR(_xlfn.IFS('Step 2 - Scoring'!M12= "", "", 'Step 2 - Scoring'!M12=0, "○", 'Step 2 - Scoring'!M12<1.5, "◔",'Step 2 - Scoring'!M12<=2, "◑", 'Step 2 - Scoring'!M12<=3, "◕", 'Step 2 - Scoring'!M12<=4, "⬤" ),"-")}
A8: ='Step 1 - Fill in Details'!D9 -> FALSE | C8: ='Step 1 - Fill in Details'!C9 -> UC3 | E8: {=_xlfn.IFS('Step 2 - Scoring'!C13= "", "", 'Step 2 - Scoring'!C13=0, "○", 'Step 2 - Scoring'!C13<1.5, "◔",'Step 2 - Scoring'!C13<=2, "◑", 'Step 2 - Scoring'!C13<=3, "◕", 'Step 2 - Scoring'!C13<=4, "⬤" )} | G8: {=_xlfn.IFS('Step 2 - Scoring'!D13= "", "", 'Step 2 - Scoring'!D13=0, "○", 'Step 2 - Scoring'!D13<1.5, "◔",'Step 2 - Scoring'!D13<=2, "◑", 'Step 2 - Scoring'!D13<=3, "◕", 'Step 2 - Scoring'!D13<=4, "⬤" )} | I8: {=_xlfn.IFS('Step 2 - Scoring'!E13= "", "", 'Step 2 - Scoring'!E13=0, "○", 'Step 2 - Scoring'!E13<1.5, "◔",'Step 2 - Scoring'!E13<=2, "◑", 'Step 2 - Scoring'!E13<=3, "◕", 'Step 2 - Scoring'!E13<=4, "⬤" )} | K8: {=_xlfn.IFS('Step 2 - Scoring'!F13= "", "", 'Step 2 - Scoring'!F13=0, "○", 'Step 2 - Scoring'!F13<1.5, "◔",'Step 2 - Scoring'!F13<=2, "◑", 'Step 2 - Scoring'!F13<=3, "◕", 'Step 2 - Scoring'!F13<=4, "⬤" )} | M8: {=_xlfn.IFS('Step 2 - Scoring'!G13= "", "", 'Step 2 - Scoring'!G13=0, "○", 'Step 2 - Scoring'!G13<1.5, "◔",'Step 2 - Scoring'!G13<=2, "◑", 'Step 2 - Scoring'!G13<=3, "◕", 'Step 2 - Scoring'!G13<=4, "⬤" )} | P8: {=IFERROR(_xlfn.IFS('Step 2 - Scoring'!I13= "", "", 'Step 2 - Scoring'!I13=0, "○", 'Step 2 - Scoring'!I13<1.5, "◔",'Step 2 - Scoring'!I13<=2, "◑", 'Step 2 - Scoring'!I13<=3, "◕", 'Step 2 - Scoring'!I13<=4, "⬤" ),"-")} | R8: {=IFERROR(_xlfn.IFS('Step 2 - Scoring'!J13= "", "", 'Step 2 - Scoring'!J13=0, "○", 'Step 2 - Scoring'!J13<1.5, "◔",'Step 2 - Scoring'!J13<=2, "◑", 'Step 2 - Scoring'!J13<=3, "◕", 'Step 2 - Scoring'!J13<=4, "⬤" ),"-")} | T8: {=IFERROR(_xlfn.IFS('Step 2 - Scoring'!K13= "", "", 'Step 2 - Scoring'!K13=0, "○", 'Step 2 - Scoring'!K13<1.5, "◔",'Step 2 - Scoring'!K13<=2, "◑", 'Step 2 - Scoring'!K13<=3, "◕", 'Step 2 - Scoring'!K13<=4, "⬤" ),"-")} | V8: {=IFERROR(_xlfn.IFS('Step 2 - Scoring'!L13= "", "", 'Step 2 - Scoring'!L13=0, "○", 'Step 2 - Scoring'!L13<1.5, "◔",'Step 2 - Scoring'!L13<=2, "◑", 'Step 2 - Scoring'!L13<=3, "◕", 'Step 2 - Scoring'!L13<=4, "⬤" ),"-")} | X8: {=IFERROR(_xlfn.IFS('Step 2 - Scoring'!M13= "", "", 'Step 2 - Scoring'!M13=0, "○", 'Step 2 - Scoring'!M13<1.5, "◔",'Step 2 - Scoring'!M13<=2, "◑", 'Step 2 - Scoring'!M13<=3, "◕", 'Step 2 - Scoring'!M13<=4, "⬤" ),"-")}
A9: ='Step 1 - Fill in Details'!D10 -> FALSE | C9: ='Step 1 - Fill in Details'!C10 -> UC4 | E9: {=_xlfn.IFS('Step 2 - Scoring'!C14= "", "", 'Step 2 - Scoring'!C14=0, "○", 'Step 2 - Scoring'!C14<1.5, "◔",'Step 2 - Scoring'!C14<=2, "◑", 'Step 2 - Scoring'!C14<=3, "◕", 'Step 2 - Scoring'!C14<=4, "⬤" )} | G9: {=_xlfn.IFS('Step 2 - Scoring'!D14= "", "", 'Step 2 - Scoring'!D14=0, "○", 'Step 2 - Scoring'!D14<1.5, "◔",'Step 2 - Scoring'!D14<=2, "◑", 'Step 2 - Scoring'!D14<=3, "◕", 'Step 2 - Scoring'!D14<=4, "⬤" )} | I9: {=_xlfn.IFS('Step 2 - Scoring'!E14= "", "", 'Step 2 - Scoring'!E14=0, "○", 'Step 2 - Scoring'!E14<1.5, "◔",'Step 2 - Scoring'!E14<=2, "◑", 'Step 2 - Scoring'!E14<=3, "◕", 'Step 2 - Scoring'!E14<=4, "⬤" )} | K9: {=_xlfn.IFS('Step 2 - Scoring'!F14= "", "", 'Step 2 - Scoring'!F14=0, "○", 'Step 2 - Scoring'!F14<1.5, "◔",'Step 2 - Scoring'!F14<=2, "◑", 'Step 2 - Scoring'!F14<=3, "◕", 'Step 2 - Scoring'!F14<=4, "⬤" )} | M9: {=_xlfn.IFS('Step 2 - Scoring'!G14= "", "", 'Step 2 - Scoring'!G14=0, "○", 'Step 2 - Scoring'!G14<1.5, "◔",'Step 2 - Scoring'!G14<=2, "◑", 'Step 2 - Scoring'!G14<=3, "◕", 'Step 2 - Scoring'!G14<=4, "⬤" )} | P9: {=IFERROR(_xlfn.IFS('Step 2 - Scoring'!I14= "", "", 'Step 2 - Scoring'!I14=0, "○", 'Step 2 - Scoring'!I14<1.5, "◔",'Step 2 - Scoring'!I14<=2, "◑", 'Step 2 - Scoring'!I14<=3, "◕", 'Step 2 - Scoring'!I14<=4, "⬤" ),"-")} | R9: {=IFERROR(_xlfn.IFS('Step 2 - Scoring'!J14= "", "", 'Step 2 - Scoring'!J14=0, "○", 'Step 2 - Scoring'!J14<1.5, "◔",'Step 2 - Scoring'!J14<=2, "◑", 'Step 2 - Scoring'!J14<=3, "◕", 'Step 2 - Scoring'!J14<=4, "⬤" ),"-")} | T9: {=IFERROR(_xlfn.IFS('Step 2 - Scoring'!K14= "", "", 'Step 2 - Scoring'!K14=0, "○", 'Step 2 - Scoring'!K14<1.5, "◔",'Step 2 - Scoring'!K14<=2, "◑", 'Step 2 - Scoring'!K14<=3, "◕", 'Step 2 - Scoring'!K14<=4, "⬤" ),"-")} | V9: {=IFERROR(_xlfn.IFS('Step 2 - Scoring'!L14= "", "", 'Step 2 - Scoring'!L14=0, "○", 'Step 2 - Scoring'!L14<1.5, "◔",'Step 2 - Scoring'!L14<=2, "◑", 'Step 2 - Scoring'!L14<=3, "◕", 'Step 2 - Scoring'!L14<=4, "⬤" ),"-")} | X9: {=IFERROR(_xlfn.IFS('Step 2 - Scoring'!M14= "", "", 'Step 2 - Scoring'!M14=0, "○", 'Step 2 - Scoring'!M14<1.5, "◔",'Step 2 - Scoring'!M14<=2, "◑", 'Step 2 - Scoring'!M14<=3, "◕", 'Step 2 - Scoring'!M14<=4, "⬤" ),"-")}
A10: ='Step 1 - Fill in Details'!D11 -> FALSE | C10: ='Step 1 - Fill in Details'!C11 -> UC5 | E10: {=_xlfn.IFS('Step 2 - Scoring'!C15= "", "", 'Step 2 - Scoring'!C15=0, "○", 'Step 2 - Scoring'!C15<1.5, "◔",'Step 2 - Scoring'!C15<=2, "◑", 'Step 2 - Scoring'!C15<=3, "◕", 'Step 2 - Scoring'!C15<=4, "⬤" )} | G10: {=_xlfn.IFS('Step 2 - Scoring'!D15= "", "", 'Step 2 - Scoring'!D15=0, "○", 'Step 2 - Scoring'!D15<1.5, "◔",'Step 2 - Scoring'!D15<=2, "◑", 'Step 2 - Scoring'!D15<=3, "◕", 'Step 2 - Scoring'!D15<=4, "⬤" )} | I10: {=_xlfn.IFS('Step 2 - Scoring'!E15= "", "", 'Step 2 - Scoring'!E15=0, "○", 'Step 2 - Scoring'!E15<1.5, "◔",'Step 2 - Scoring'!E15<=2, "◑", 'Step 2 - Scoring'!E15<=3, "◕", 'Step 2 - Scoring'!E15<=4, "⬤" )} | K10: {=_xlfn.IFS('Step 2 - Scoring'!F15= "", "", 'Step 2 - Scoring'!F15=0, "○", 'Step 2 - Scoring'!F15<1.5, "◔",'Step 2 - Scoring'!F15<=2, "◑", 'Step 2 - Scoring'!F15<=3, "◕", 'Step 2 - Scoring'!F15<=4, "⬤" )} | M10: {=_xlfn.IFS('Step 2 - Scoring'!G15= "", "", 'Step 2 - Scoring'!G15=0, "○", 'Step 2 - Scoring'!G15<1.5, "◔",'Step 2 - Scoring'!G15<=2, "◑", 'Step 2 - Scoring'!G15<=3, "◕", 'Step 2 - Scoring'!G15<=4, "⬤" )} | P10: {=IFERROR(_xlfn.IFS('Step 2 - Scoring'!I15= "", "", 'Step 2 - Scoring'!I15=0, "○", 'Step 2 - Scoring'!I15<1.5, "◔",'Step 2 - Scoring'!I15<=2, "◑", 'Step 2 - Scoring'!I15<=3, "◕", 'Step 2 - Scoring'!I15<=4, "⬤" ),"-")} | R10: {=IFERROR(_xlfn.IFS('Step 2 - Scoring'!J15= "", "", 'Step 2 - Scoring'!J15=0, "○", 'Step 2 - Scoring'!J15<1.5, "◔",'Step 2 - Scoring'!J15<=2, "◑", 'Step 2 - Scoring'!J15<=3, "◕", 'Step 2 - Scoring'!J15<=4, "⬤" ),"-")} | T10: {=IFERROR(_xlfn.IFS('Step 2 - Scoring'!K15= "", "", 'Step 2 - Scoring'!K15=0, "○", 'Step 2 - Scoring'!K15<1.5, "◔",'Step 2 - Scoring'!K15<=2, "◑", 'Step 2 - Scoring'!K15<=3, "◕", 'Step 2 - Scoring'!K15<=4, "⬤" ),"-")} | V10: {=IFERROR(_xlfn.IFS('Step 2 - Scoring'!L15= "", "", 'Step 2 - Scoring'!L15=0, "○", 'Step 2 - Scoring'!L15<1.5, "◔",'Step 2 - Scoring'!L15<=2, "◑", 'Step 2 - Scoring'!L15<=3, "◕", 'Step 2 - Scoring'!L15<=4, "⬤" ),"-")} | X10: {=IFERROR(_xlfn.IFS('Step 2 - Scoring'!M15= "", "", 'Step 2 - Scoring'!M15=0, "○", 'Step 2 - Scoring'!M15<1.5, "◔",'Step 2 - Scoring'!M15<=2, "◑", 'Step 2 - Scoring'!M15<=3, "◕", 'Step 2 - Scoring'!M15<=4, "⬤" ),"-")}
A11: ='Step 1 - Fill in Details'!D12 -> FALSE | C11: ='Step 1 - Fill in Details'!C12 -> UC6 | E11: {=_xlfn.IFS('Step 2 - Scoring'!C16= "", "", 'Step 2 - Scoring'!C16=0, "○", 'Step 2 - Scoring'!C16<1.5, "◔",'Step 2 - Scoring'!C16<=2, "◑", 'Step 2 - Scoring'!C16<=3, "◕", 'Step 2 - Scoring'!C16<=4, "⬤" )} | G11: {=_xlfn.IFS('Step 2 - Scoring'!D16= "", "", 'Step 2 - Scoring'!D16=0, "○", 'Step 2 - Scoring'!D16<1.5, "◔",'Step 2 - Scoring'!D16<=2, "◑", 'Step 2 - Scoring'!D16<=3, "◕", 'Step 2 - Scoring'!D16<=4, "⬤" )} | I11: {=_xlfn.IFS('Step 2 - Scoring'!E16= "", "", 'Step 2 - Scoring'!E16=0, "○", 'Step 2 - Scoring'!E16<1.5, "◔",'Step 2 - Scoring'!E16<=2, "◑", 'Step 2 - Scoring'!E16<=3, "◕", 'Step 2 - Scoring'!E16<=4, "⬤" )} | K11: {=_xlfn.IFS('Step 2 - Scoring'!F16= "", "", 'Step 2 - Scoring'!F16=0, "○", 'Step 2 - Scoring'!F16<1.5, "◔",'Step 2 - Scoring'!F16<=2, "◑", 'Step 2 - Scoring'!F16<=3, "◕", 'Step 2 - Scoring'!F16<=4, "⬤" )} | M11: {=_xlfn.IFS('Step 2 - Scoring'!G16= "", "", 'Step 2 - Scoring'!G16=0, "○", 'Step 2 - Scoring'!G16<1.5, "◔",'Step 2 - Scoring'!G16<=2, "◑", 'Step 2 - Scoring'!G16<=3, "◕", 'Step 2 - Scoring'!G16<=4, "⬤" )} | P11: {=IFERROR(_xlfn.IFS('Step 2 - Scoring'!I16= "", "", 'Step 2 - Scoring'!I16=0, "○", 'Step 2 - Scoring'!I16<1.5, "◔",'Step 2 - Scoring'!I16<=2, "◑", 'Step 2 - Scoring'!I16<=3, "◕", 'Step 2 - Scoring'!I16<=4, "⬤" ),"-")} | R11: {=IFERROR(_xlfn.IFS('Step 2 - Scoring'!J16= "", "", 'Step 2 - Scoring'!J16=0, "○", 'Step 2 - Scoring'!J16<1.5, "◔",'Step 2 - Scoring'!J16<=2, "◑", 'Step 2 - Scoring'!J16<=3, "◕", 'Step 2 - Scoring'!J16<=4, "⬤" ),"-")} | T11: {=IFERROR(_xlfn.IFS('Step 2 - Scoring'!K16= "", "", 'Step 2 - Scoring'!K16=0, "○", 'Step 2 - Scoring'!K16<1.5, "◔",'Step 2 - Scoring'!K16<=2, "◑", 'Step 2 - Scoring'!K16<=3, "◕", 'Step 2 - Scoring'!K16<=4, "⬤" ),"-")} | V11: {=IFERROR(_xlfn.IFS('Step 2 - Scoring'!L16= "", "", 'Step 2 - Scoring'!L16=0, "○", 'Step 2 - Scoring'!L16<1.5, "◔",'Step 2 - Scoring'!L16<=2, "◑", 'Step 2 - Scoring'!L16<=3, "◕", 'Step 2 - Scoring'!L16<=4, "⬤" ),"-")} | X11: {=IFERROR(_xlfn.IFS('Step 2 - Scoring'!M16= "", "", 'Step 2 - Scoring'!M16=0, "○", 'Step 2 - Scoring'!M16<1.5, "◔",'Step 2 - Scoring'!M16<=2, "◑", 'Step 2 - Scoring'!M16<=3, "◕", 'Step 2 - Scoring'!M16<=4, "⬤" ),"-")}
A12: ='Step 1 - Fill in Details'!D13 -> FALSE | C12: ='Step 1 - Fill in Details'!C13 -> UC7 | E12: {=_xlfn.IFS('Step 2 - Scoring'!C17= "", "", 'Step 2 - Scoring'!C17=0, "○", 'Step 2 - Scoring'!C17<1.5, "◔",'Step 2 - Scoring'!C17<=2, "◑", 'Step 2 - Scoring'!C17<=3, "◕", 'Step 2 - Scoring'!C17<=4, "⬤" )} | G12: {=_xlfn.IFS('Step 2 - Scoring'!D17= "", "", 'Step 2 - Scoring'!D17=0, "○", 'Step 2 - Scoring'!D17<1.5, "◔",'Step 2 - Scoring'!D17<=2, "◑", 'Step 2 - Scoring'!D17<=3, "◕", 'Step 2 - Scoring'!D17<=4, "⬤" )} | I12: {=_xlfn.IFS('Step 2 - Scoring'!E17= "", "", 'Step 2 - Scoring'!E17=0, "○", 'Step 2 - Scoring'!E17<1.5, "◔",'Step 2 - Scoring'!E17<=2, "◑", 'Step 2 - Scoring'!E17<=3, "◕", 'Step 2 - Scoring'!E17<=4, "⬤" )} | K12: {=_xlfn.IFS('Step 2 - Scoring'!F17= "", "", 'Step 2 - Scoring'!F17=0, "○", 'Step 2 - Scoring'!F17<1.5, "◔",'Step 2 - Scoring'!F17<=2, "◑", 'Step 2 - Scoring'!F17<=3, "◕", 'Step 2 - Scoring'!F17<=4, "⬤" )} | M12: {=_xlfn.IFS('Step 2 - Scoring'!G17= "", "", 'Step 2 - Scoring'!G17=0, "○", 'Step 2 - Scoring'!G17<1.5, "◔",'Step 2 - Scoring'!G17<=2, "◑", 'Step 2 - Scoring'!G17<=3, "◕", 'Step 2 - Scoring'!G17<=4, "⬤" )} | P12: {=IFERROR(_xlfn.IFS('Step 2 - Scoring'!I17= "", "", 'Step 2 - Scoring'!I17=0, "○", 'Step 2 - Scoring'!I17<1.5, "◔",'Step 2 - Scoring'!I17<=2, "◑", 'Step 2 - Scoring'!I17<=3, "◕", 'Step 2 - Scoring'!I17<=4, "⬤" ),"-")} | R12: {=IFERROR(_xlfn.IFS('Step 2 - Scoring'!J17= "", "", 'Step 2 - Scoring'!J17=0, "○", 'Step 2 - Scoring'!J17<1.5, "◔",'Step 2 - Scoring'!J17<=2, "◑", 'Step 2 - Scoring'!J17<=3, "◕", 'Step 2 - Scoring'!J17<=4, "⬤" ),"-")} | T12: {=IFERROR(_xlfn.IFS('Step 2 - Scoring'!K17= "", "", 'Step 2 - Scoring'!K17=0, "○", 'Step 2 - Scoring'!K17<1.5, "◔",'Step 2 - Scoring'!K17<=2, "◑", 'Step 2 - Scoring'!K17<=3, "◕", 'Step 2 - Scoring'!K17<=4, "⬤" ),"-")} | V12: {=IFERROR(_xlfn.IFS('Step 2 - Scoring'!L17= "", "", 'Step 2 - Scoring'!L17=0, "○", 'Step 2 - Scoring'!L17<1.5, "◔",'Step 2 - Scoring'!L17<=2, "◑", 'Step 2 - Scoring'!L17<=3, "◕", 'Step 2 - Scoring'!L17<=4, "⬤" ),"-")} | X12: {=IFERROR(_xlfn.IFS('Step 2 - Scoring'!M17= "", "", 'Step 2 - Scoring'!M17=0, "○", 'Step 2 - Scoring'!M17<1.5, "◔",'Step 2 - Scoring'!M17<=2, "◑", 'Step 2 - Scoring'!M17<=3, "◕", 'Step 2 - Scoring'!M17<=4, "⬤" ),"-")}
A13: ='Step 1 - Fill in Details'!D14 -> FALSE | C13: ='Step 1 - Fill in Details'!C14 -> UC8 | E13: {=_xlfn.IFS('Step 2 - Scoring'!C18= "", "", 'Step 2 - Scoring'!C18=0, "○", 'Step 2 - Scoring'!C18<1.5, "◔",'Step 2 - Scoring'!C18<=2, "◑", 'Step 2 - Scoring'!C18<=3, "◕", 'Step 2 - Scoring'!C18<=4, "⬤" )} | G13: {=_xlfn.IFS('Step 2 - Scoring'!D18= "", "", 'Step 2 - Scoring'!D18=0, "○", 'Step 2 - Scoring'!D18<1.5, "◔",'Step 2 - Scoring'!D18<=2, "◑", 'Step 2 - Scoring'!D18<=3, "◕", 'Step 2 - Scoring'!D18<=4, "⬤" )} | I13: {=_xlfn.IFS('Step 2 - Scoring'!E18= "", "", 'Step 2 - Scoring'!E18=0, "○", 'Step 2 - Scoring'!E18<1.5, "◔",'Step 2 - Scoring'!E18<=2, "◑", 'Step 2 - Scoring'!E18<=3, "◕", 'Step 2 - Scoring'!E18<=4, "⬤" )} | K13: {=_xlfn.IFS('Step 2 - Scoring'!F18= "", "", 'Step 2 - Scoring'!F18=0, "○", 'Step 2 - Scoring'!F18<1.5, "◔",'Step 2 - Scoring'!F18<=2, "◑", 'Step 2 - Scoring'!F18<=3, "◕", 'Step 2 - Scoring'!F18<=4, "⬤" )} | M13: {=_xlfn.IFS('Step 2 - Scoring'!G18= "", "", 'Step 2 - Scoring'!G18=0, "○", 'Step 2 - Scoring'!G18<1.5, "◔",'Step 2 - Scoring'!G18<=2, "◑", 'Step 2 - Scoring'!G18<=3, "◕", 'Step 2 - Scoring'!G18<=4, "⬤" )} | P13: {=IFERROR(_xlfn.IFS('Step 2 - Scoring'!I18= "", "", 'Step 2 - Scoring'!I18=0, "○", 'Step 2 - Scoring'!I18<1.5, "◔",'Step 2 - Scoring'!I18<=2, "◑", 'Step 2 - Scoring'!I18<=3, "◕", 'Step 2 - Scoring'!I18<=4, "⬤" ),"-")} | R13: {=IFERROR(_xlfn.IFS('Step 2 - Scoring'!J18= "", "", 'Step 2 - Scoring'!J18=0, "○", 'Step 2 - Scoring'!J18<1.5, "◔",'Step 2 - Scoring'!J18<=2, "◑", 'Step 2 - Scoring'!J18<=3, "◕", 'Step 2 - Scoring'!J18<=4, "⬤" ),"-")} | T13: {=IFERROR(_xlfn.IFS('Step 2 - Scoring'!K18= "", "", 'Step 2 - Scoring'!K18=0, "○", 'Step 2 - Scoring'!K18<1.5, "◔",'Step 2 - Scoring'!K18<=2, "◑", 'Step 2 - Scoring'!K18<=3, "◕", 'Step 2 - Scoring'!K18<=4, "⬤" ),"-")} | V13: {=IFERROR(_xlfn.IFS('Step 2 - Scoring'!L18= "", "", 'Step 2 - Scoring'!L18=0, "○", 'Step 2 - Scoring'!L18<1.5, "◔",'Step 2 - Scoring'!L18<=2, "◑", 'Step 2 - Scoring'!L18<=3, "◕", 'Step 2 - Scoring'!L18<=4, "⬤" ),"-")} | X13: {=IFERROR(_xlfn.IFS('Step 2 - Scoring'!M18= "", "", 'Step 2 - Scoring'!M18=0, "○", 'Step 2 - Scoring'!M18<1.5, "◔",'Step 2 - Scoring'!M18<=2, "◑", 'Step 2 - Scoring'!M18<=3, "◕", 'Step 2 - Scoring'!M18<=4, "⬤" ),"-")}
A14: ='Step 1 - Fill in Details'!D15 -> FALSE | C14: ='Step 1 - Fill in Details'!C15 -> UC9 | E14: {=_xlfn.IFS('Step 2 - Scoring'!C19= "", "", 'Step 2 - Scoring'!C19=0, "○", 'Step 2 - Scoring'!C19<1.5, "◔",'Step 2 - Scoring'!C19<=2, "◑", 'Step 2 - Scoring'!C19<=3, "◕", 'Step 2 - Scoring'!C19<=4, "⬤" )} | G14: {=_xlfn.IFS('Step 2 - Scoring'!D19= "", "", 'Step 2 - Scoring'!D19=0, "○", 'Step 2 - Scoring'!D19<1.5, "◔",'Step 2 - Scoring'!D19<=2, "◑", 'Step 2 - Scoring'!D19<=3, "◕", 'Step 2 - Scoring'!D19<=4, "⬤" )} | I14: {=_xlfn.IFS('Step 2 - Scoring'!E19= "", "", 'Step 2 - Scoring'!E19=0, "○", 'Step 2 - Scoring'!E19<1.5, "◔",'Step 2 - Scoring'!E19<=2, "◑", 'Step 2 - Scoring'!E19<=3, "◕", 'Step 2 - Scoring'!E19<=4, "⬤" )} | K14: {=_xlfn.IFS('Step 2 - Scoring'!F19= "", "", 'Step 2 - Scoring'!F19=0, "○", 'Step 2 - Scoring'!F19<1.5, "◔",'Step 2 - Scoring'!F19<=2, "◑", 'Step 2 - Scoring'!F19<=3, "◕", 'Step 2 - Scoring'!F19<=4, "⬤" )} | M14: {=_xlfn.IFS('Step 2 - Scoring'!G19= "", "", 'Step 2 - Scoring'!G19=0, "○", 'Step 2 - Scoring'!G19<1.5, "◔",'Step 2 - Scoring'!G19<=2, "◑", 'Step 2 - Scoring'!G19<=3, "◕", 'Step 2 - Scoring'!G19<=4, "⬤" )} | P14: {=IFERROR(_xlfn.IFS('Step 2 - Scoring'!I19= "", "", 'Step 2 - Scoring'!I19=0, "○", 'Step 2 - Scoring'!I19<1.5, "◔",'Step 2 - Scoring'!I19<=2, "◑", 'Step 2 - Scoring'!I19<=3, "◕", 'Step 2 - Scoring'!I19<=4, "⬤" ),"-")} | R14: {=IFERROR(_xlfn.IFS('Step 2 - Scoring'!J19= "", "", 'Step 2 - Scoring'!J19=0, "○", 'Step 2 - Scoring'!J19<1.5, "◔",'Step 2 - Scoring'!J19<=2, "◑", 'Step 2 - Scoring'!J19<=3, "◕", 'Step 2 - Scoring'!J19<=4, "⬤" ),"-")} | T14: {=IFERROR(_xlfn.IFS('Step 2 - Scoring'!K19= "", "", 'Step 2 - Scoring'!K19=0, "○", 'Step 2 - Scoring'!K19<1.5, "◔",'Step 2 - Scoring'!K19<=2, "◑", 'Step 2 - Scoring'!K19<=3, "◕", 'Step 2 - Scoring'!K19<=4, "⬤" ),"-")} | V14: {=IFERROR(_xlfn.IFS('Step 2 - Scoring'!L19= "", "", 'Step 2 - Scoring'!L19=0, "○", 'Step 2 - Scoring'!L19<1.5, "◔",'Step 2 - Scoring'!L19<=2, "◑", 'Step 2 - Scoring'!L19<=3, "◕", 'Step 2 - Scoring'!L19<=4, "⬤" ),"-")} | X14: {=IFERROR(_xlfn.IFS('Step 2 - Scoring'!M19= "", "", 'Step 2 - Scoring'!M19=0, "○", 'Step 2 - Scoring'!M19<1.5, "◔",'Step 2 - Scoring'!M19<=2, "◑", 'Step 2 - Scoring'!M19<=3, "◕", 'Step 2 - Scoring'!M19<=4, "⬤" ),"-")}
A15: ='Step 1 - Fill in Details'!D16 -> FALSE | C15: ='Step 1 - Fill in Details'!C16 -> UC10 | E15: {=_xlfn.IFS('Step 2 - Scoring'!C20= "", "", 'Step 2 - Scoring'!C20=0, "○", 'Step 2 - Scoring'!C20<1.5, "◔",'Step 2 - Scoring'!C20<=2, "◑", 'Step 2 - Scoring'!C20<=3, "◕", 'Step 2 - Scoring'!C20<=4, "⬤" )} | G15: {=_xlfn.IFS('Step 2 - Scoring'!D20= "", "", 'Step 2 - Scoring'!D20=0, "○", 'Step 2 - Scoring'!D20<1.5, "◔",'Step 2 - Scoring'!D20<=2, "◑", 'Step 2 - Scoring'!D20<=3, "◕", 'Step 2 - Scoring'!D20<=4, "⬤" )} | I15: {=_xlfn.IFS('Step 2 - Scoring'!E20= "", "", 'Step 2 - Scoring'!E20=0, "○", 'Step 2 - Scoring'!E20<1.5, "◔",'Step 2 - Scoring'!E20<=2, "◑", 'Step 2 - Scoring'!E20<=3, "◕", 'Step 2 - Scoring'!E20<=4, "⬤" )} | K15: {=_xlfn.IFS('Step 2 - Scoring'!F20= "", "", 'Step 2 - Scoring'!F20=0, "○", 'Step 2 - Scoring'!F20<1.5, "◔",'Step 2 - Scoring'!F20<=2, "◑", 'Step 2 - Scoring'!F20<=3, "◕", 'Step 2 - Scoring'!F20<=4, "⬤" )} | M15: {=_xlfn.IFS('Step 2 - Scoring'!G20= "", "", 'Step 2 - Scoring'!G20=0, "○", 'Step 2 - Scoring'!G20<1.5, "◔",'Step 2 - Scoring'!G20<=2, "◑", 'Step 2 - Scoring'!G20<=3, "◕", 'Step 2 - Scoring'!G20<=4, "⬤" )} | P15: {=IFERROR(_xlfn.IFS('Step 2 - Scoring'!I20= "", "", 'Step 2 - Scoring'!I20=0, "○", 'Step 2 - Scoring'!I20<1.5, "◔",'Step 2 - Scoring'!I20<=2, "◑", 'Step 2 - Scoring'!I20<=3, "◕", 'Step 2 - Scoring'!I20<=4, "⬤" ),"-")} | R15: {=IFERROR(_xlfn.IFS('Step 2 - Scoring'!J20= "", "", 'Step 2 - Scoring'!J20=0, "○", 'Step 2 - Scoring'!J20<1.5, "◔",'Step 2 - Scoring'!J20<=2, "◑", 'Step 2 - Scoring'!J20<=3, "◕", 'Step 2 - Scoring'!J20<=4, "⬤" ),"-")} | T15: {=IFERROR(_xlfn.IFS('Step 2 - Scoring'!K20= "", "", 'Step 2 - Scoring'!K20=0, "○", 'Step 2 - Scoring'!K20<1.5, "◔",'Step 2 - Scoring'!K20<=2, "◑", 'Step 2 - Scoring'!K20<=3, "◕", 'Step 2 - Scoring'!K20<=4, "⬤" ),"-")} | V15: {=IFERROR(_xlfn.IFS('Step 2 - Scoring'!L20= "", "", 'Step 2 - Scoring'!L20=0, "○", 'Step 2 - Scoring'!L20<1.5, "◔",'Step 2 - Scoring'!L20<=2, "◑", 'Step 2 - Scoring'!L20<=3, "◕", 'Step 2 - Scoring'!L20<=4, "⬤" ),"-")} | X15: {=IFERROR(_xlfn.IFS('Step 2 - Scoring'!M20= "", "", 'Step 2 - Scoring'!M20=0, "○", 'Step 2 - Scoring'!M20<1.5, "◔",'Step 2 - Scoring'!M20<=2, "◑", 'Step 2 - Scoring'!M20<=3, "◕", 'Step 2 - Scoring'!M20<=4, "⬤" ),"-")}
A16: ='Step 1 - Fill in Details'!D17 -> FALSE | C16: ='Step 1 - Fill in Details'!C17 -> UC11 | E16: {=_xlfn.IFS('Step 2 - Scoring'!C21= "", "", 'Step 2 - Scoring'!C21=0, "○", 'Step 2 - Scoring'!C21<1.5, "◔",'Step 2 - Scoring'!C21<=2, "◑", 'Step 2 - Scoring'!C21<=3, "◕", 'Step 2 - Scoring'!C21<=4, "⬤" )} | G16: {=_xlfn.IFS('Step 2 - Scoring'!D21= "", "", 'Step 2 - Scoring'!D21=0, "○", 'Step 2 - Scoring'!D21<1.5, "◔",'Step 2 - Scoring'!D21<=2, "◑", 'Step 2 - Scoring'!D21<=3, "◕", 'Step 2 - Scoring'!D21<=4, "⬤" )} | I16: {=_xlfn.IFS('Step 2 - Scoring'!E21= "", "", 'Step 2 - Scoring'!E21=0, "○", 'Step 2 - Scoring'!E21<1.5, "◔",'Step 2 - Scoring'!E21<=2, "◑", 'Step 2 - Scoring'!E21<=3, "◕", 'Step 2 - Scoring'!E21<=4, "⬤" )} | K16: {=_xlfn.IFS('Step 2 - Scoring'!F21= "", "", 'Step 2 - Scoring'!F21=0, "○", 'Step 2 - Scoring'!F21<1.5, "◔",'Step 2 - Scoring'!F21<=2, "◑", 'Step 2 - Scoring'!F21<=3, "◕", 'Step 2 - Scoring'!F21<=4, "⬤" )} | M16: {=_xlfn.IFS('Step 2 - Scoring'!G21= "", "", 'Step 2 - Scoring'!G21=0, "○", 'Step 2 - Scoring'!G21<1.5, "◔",'Step 2 - Scoring'!G21<=2, "◑", 'Step 2 - Scoring'!G21<=3, "◕", 'Step 2 - Scoring'!G21<=4, "⬤" )} | P16: {=IFERROR(_xlfn.IFS('Step 2 - Scoring'!I21= "", "", 'Step 2 - Scoring'!I21=0, "○", 'Step 2 - Scoring'!I21<1.5, "◔",'Step 2 - Scoring'!I21<=2, "◑", 'Step 2 - Scoring'!I21<=3, "◕", 'Step 2 - Scoring'!I21<=4, "⬤" ),"-")} | R16: {=IFERROR(_xlfn.IFS('Step 2 - Scoring'!J21= "", "", 'Step 2 - Scoring'!J21=0, "○", 'Step 2 - Scoring'!J21<1.5, "◔",'Step 2 - Scoring'!J21<=2, "◑", 'Step 2 - Scoring'!J21<=3, "◕", 'Step 2 - Scoring'!J21<=4, "⬤" ),"-")} | T16: {=IFERROR(_xlfn.IFS('Step 2 - Scoring'!K21= "", "", 'Step 2 - Scoring'!K21=0, "○", 'Step 2 - Scoring'!K21<1.5, "◔",'Step 2 - Scoring'!K21<=2, "◑", 'Step 2 - Scoring'!K21<=3, "◕", 'Step 2 - Scoring'!K21<=4, "⬤" ),"-")} | V16: {=IFERROR(_xlfn.IFS('Step 2 - Scoring'!L21= "", "", 'Step 2 - Scoring'!L21=0, "○", 'Step 2 - Scoring'!L21<1.5, "◔",'Step 2 - Scoring'!L21<=2, "◑", 'Step 2 - Scoring'!L21<=3, "◕", 'Step 2 - Scoring'!L21<=4, "⬤" ),"-")} | X16: {=IFERROR(_xlfn.IFS('Step 2 - Scoring'!M21= "", "", 'Step 2 - Scoring'!M21=0, "○", 'Step 2 - Scoring'!M21<1.5, "◔",'Step 2 - Scoring'!M21<=2, "◑", 'Step 2 - Scoring'!M21<=3, "◕", 'Step 2 - Scoring'!M21<=4, "⬤" ),"-")}
A17: ='Step 1 - Fill in Details'!D18 -> FALSE | C17: ='Step 1 - Fill in Details'!C18 -> UC12 | E17: {=_xlfn.IFS('Step 2 - Scoring'!C22= "", "", 'Step 2 - Scoring'!C22=0, "○", 'Step 2 - Scoring'!C22<1.5, "◔",'Step 2 - Scoring'!C22<=2, "◑", 'Step 2 - Scoring'!C22<=3, "◕", 'Step 2 - Scoring'!C22<=4, "⬤" )} | G17: {=_xlfn.IFS('Step 2 - Scoring'!D22= "", "", 'Step 2 - Scoring'!D22=0, "○", 'Step 2 - Scoring'!D22<1.5, "◔",'Step 2 - Scoring'!D22<=2, "◑", 'Step 2 - Scoring'!D22<=3, "◕", 'Step 2 - Scoring'!D22<=4, "⬤" )} | I17: {=_xlfn.IFS('Step 2 - Scoring'!E22= "", "", 'Step 2 - Scoring'!E22=0, "○", 'Step 2 - Scoring'!E22<1.5, "◔",'Step 2 - Scoring'!E22<=2, "◑", 'Step 2 - Scoring'!E22<=3, "◕", 'Step 2 - Scoring'!E22<=4, "⬤" )} | K17: {=_xlfn.IFS('Step 2 - Scoring'!F22= "", "", 'Step 2 - Scoring'!F22=0, "○", 'Step 2 - Scoring'!F22<1.5, "◔",'Step 2 - Scoring'!F22<=2, "◑", 'Step 2 - Scoring'!F22<=3, "◕", 'Step 2 - Scoring'!F22<=4, "⬤" )} | M17: {=_xlfn.IFS('Step 2 - Scoring'!G22= "", "", 'Step 2 - Scoring'!G22=0, "○", 'Step 2 - Scoring'!G22<1.5, "◔",'Step 2 - Scoring'!G22<=2, "◑", 'Step 2 - Scoring'!G22<=3, "◕", 'Step 2 - Scoring'!G22<=4, "⬤" )} | P17: {=IFERROR(_xlfn.IFS('Step 2 - Scoring'!I22= "", "", 'Step 2 - Scoring'!I22=0, "○", 'Step 2 - Scoring'!I22<1.5, "◔",'Step 2 - Scoring'!I22<=2, "◑", 'Step 2 - Scoring'!I22<=3, "◕", 'Step 2 - Scoring'!I22<=4, "⬤" ),"-")} | R17: {=IFERROR(_xlfn.IFS('Step 2 - Scoring'!J22= "", "", 'Step 2 - Scoring'!J22=0, "○", 'Step 2 - Scoring'!J22<1.5, "◔",'Step 2 - Scoring'!J22<=2, "◑", 'Step 2 - Scoring'!J22<=3, "◕", 'Step 2 - Scoring'!J22<=4, "⬤" ),"-")} | T17: {=IFERROR(_xlfn.IFS('Step 2 - Scoring'!K22= "", "", 'Step 2 - Scoring'!K22=0, "○", 'Step 2 - Scoring'!K22<1.5, "◔",'Step 2 - Scoring'!K22<=2, "◑", 'Step 2 - Scoring'!K22<=3, "◕", 'Step 2 - Scoring'!K22<=4, "⬤" ),"-")} | V17: {=IFERROR(_xlfn.IFS('Step 2 - Scoring'!L22= "", "", 'Step 2 - Scoring'!L22=0, "○", 'Step 2 - Scoring'!L22<1.5, "◔",'Step 2 - Scoring'!L22<=2, "◑", 'Step 2 - Scoring'!L22<=3, "◕", 'Step 2 - Scoring'!L22<=4, "⬤" ),"-")} | X17: {=IFERROR(_xlfn.IFS('Step 2 - Scoring'!M22= "", "", 'Step 2 - Scoring'!M22=0, "○", 'Step 2 - Scoring'!M22<1.5, "◔",'Step 2 - Scoring'!M22<=2, "◑", 'Step 2 - Scoring'!M22<=3, "◕", 'Step 2 - Scoring'!M22<=4, "⬤" ),"-")}
... A30: ='Step 1 - Fill in Details'!D31 -> FALSE | C30: ='Step 1 - Fill in Details'!C31 -> UC25 | E30: {=_xlfn.IFS('Step 2 - Scoring'!C35= "", "", 'Step 2 - Scoring'!C35=0, "○", 'Step 2 - Scoring'!C35<1.5, "◔",'Step 2 - Scoring'!C35<=2, "◑", 'Step 2 - Scoring'!C35<=3, "◕", 'Step 2 - Scoring'!C35<=4, "⬤" )} | G30: {=_xlfn.IFS('Step 2 - Scoring'!D35= "", "", 'Step 2 - Scoring'!D35=0, "○", 'Step 2 - Scoring'!D35<1.5, "◔",'Step 2 - Scoring'!D35<=2, "◑", 'Step 2 - Scoring'!D35<=3, "◕", 'Step 2 - Scoring'!D35<=4, "⬤" )} | I30: {=_xlfn.IFS('Step 2 - Scoring'!E35= "", "", 'Step 2 - Scoring'!E35=0, "○", 'Step 2 - Scoring'!E35<1.5, "◔",'Step 2 - Scoring'!E35<=2, "◑", 'Step 2 - Scoring'!E35<=3, "◕", 'Step 2 - Scoring'!E35<=4, "⬤" )} | K30: {=_xlfn.IFS('Step 2 - Scoring'!F35= "", "", 'Step 2 - Scoring'!F35=0, "○", 'Step 2 - Scoring'!F35<1.5, "◔",'Step 2 - Scoring'!F35<=2, "◑", 'Step 2 - Scoring'!F35<=3, "◕", 'Step 2 - Scoring'!F35<=4, "⬤" )} | M30: {=_xlfn.IFS('Step 2 - Scoring'!G35= "", "", 'Step 2 - Scoring'!G35=0, "○", 'Step 2 - Scoring'!G35<1.5, "◔",'Step 2 - Scoring'!G35<=2, "◑", 'Step 2 - Scoring'!G35<=3, "◕", 'Step 2 - Scoring'!G35<=4, "⬤" )} | P30: {=IFERROR(_xlfn.IFS('Step 2 - Scoring'!I35= "", "", 'Step 2 - Scoring'!I35=0, "○", 'Step 2 - Scoring'!I35<1.5, "◔",'Step 2 - Scoring'!I35<=2, "◑", 'Step 2 - Scoring'!I35<=3, "◕", 'Step 2 - Scoring'!I35<=4, "⬤" ),"-")} | R30: {=IFERROR(_xlfn.IFS('Step 2 - Scoring'!J35= "", "", 'Step 2 - Scoring'!J35=0, "○", 'Step 2 - Scoring'!J35<1.5, "◔",'Step 2 - Scoring'!J35<=2, "◑", 'Step 2 - Scoring'!J35<=3, "◕", 'Step 2 - Scoring'!J35<=4, "⬤" ),"-")} | T30: {=IFERROR(_xlfn.IFS('Step 2 - Scoring'!K35= "", "", 'Step 2 - Scoring'!K35=0, "○", 'Step 2 - Scoring'!K35<1.5, "◔",'Step 2 - Scoring'!K35<=2, "◑", 'Step 2 - Scoring'!K35<=3, "◕", 'Step 2 - Scoring'!K35<=4, "⬤" ),"-")} | V30: {=IFERROR(_xlfn.IFS('Step 2 - Scoring'!L35= "", "", 'Step 2 - Scoring'!L35=0, "○", 'Step 2 - Scoring'!L35<1.5, "◔",'Step 2 - Scoring'!L35<=2, "◑", 'Step 2 - Scoring'!L35<=3, "◕", 'Step 2 - Scoring'!L35<=4, "⬤" ),"-")} | X30: {=IFERROR(_xlfn.IFS('Step 2 - Scoring'!M35= "", "", 'Step 2 - Scoring'!M35=0, "○", 'Step 2 - Scoring'!M35<1.5, "◔",'Step 2 - Scoring'!M35<=2, "◑", 'Step 2 - Scoring'!M35<=3, "◕", 'Step 2 - Scoring'!M35<=4, "⬤" ),"-")}
B33: 1 | C33: =IFERROR(VLOOKUP(B33,'Step 1 - Fill in Details'!H:T,13,FALSE),"") -> Cost Reduction - Lorem ipso factum
B34: 2 | C34: =IFERROR(VLOOKUP(B34,'Step 1 - Fill in Details'!H:T,13,FALSE),"") -> Revenue Optimization - Lorem ipso factum
B35: 3 | C35: =IFERROR(VLOOKUP(B35,'Step 1 - Fill in Details'!H:T,13,FALSE),"") -> CX Improvement - Lorem ipso factum
B36: 4 | C36: =IFERROR(VLOOKUP(B36,'Step 1 - Fill in Details'!H:T,13,FALSE),"") -> Technical - Lorem ipso factum
B37: 5 | C37: =IFERROR(VLOOKUP(B37,'Step 1 - Fill in Details'!H:T,13,FALSE),"") -> Internal - Lorem ipso factum
B38: 6 | C38: =IFERROR(VLOOKUP(B38,'Step 1 - Fill in Details'!H:T,13,FALSE),"") -> External - Lorem ipso factum
B39: 7 | C39: =IFERROR(VLOOKUP(B39,'Step 1 - Fill in Details'!H:T,13,FALSE),"")
B40: 8 | C40: =IFERROR(VLOOKUP(B40,'Step 1 - Fill in Details'!H:T,13,FALSE),"")
B41: 9 | C41: =IFERROR(VLOOKUP(B41,'Step 1 - Fill in Details'!H:T,13,FALSE),"")
B42: 10 | C42: =IFERROR(VLOOKUP(B42,'Step 1 - Fill in Details'!H:T,13,FALSE),"")

Sheet Step 3 - Create Pipeline
F2: Use Case Name
F8: ='Step 2 - Scoring'!A11 -> Example Use Case 1
F10: ='Step 2 - Scoring'!A12 -> Example Use Case 2
F12: ='Step 2 - Scoring'!A13 -> UC3
F14: ='Step 2 - Scoring'!A14 -> UC4
F16: ='Step 2 - Scoring'!A15 -> UC5
F18: ='Step 2 - Scoring'!A16 -> UC6
F20: ='Step 2 - Scoring'!A17 -> UC7
F22: ='Step 2 - Scoring'!A18 -> UC8
F24: ='Step 2 - Scoring'!A19 -> UC9
F26: ='Step 2 - Scoring'!A20 -> UC10
F28: ='Step 2 - Scoring'!A21 -> UC11
F30: ='Step 2 - Scoring'!A22 -> UC12
F32: ='Step 2 - Scoring'!A23 -> UC13
F34: ='Step 2 - Scoring'!A24 -> UC14
F36: ='Step 2 - Scoring'!A25 -> UC15
F38: ='Step 2 - Scoring'!A26 -> UC16
F40: ='Step 2 - Scoring'!A27 -> UC17
F42: ='Step 2 - Scoring'!A28 -> UC18
F44: ='Step 2 - Scoring'!A29 -> UC19
F46: ='Step 2 - Scoring'!A30 -> UC20
F48: ='Step 2 - Scoring'!A31 -> UC21
F50: ='Step 2 - Scoring'!A32 -> UC22
F52: ='Step 2 - Scoring'!A33 -> UC23
F54: ='Step 2 - Scoring'!A34 -> UC24
F56: ='Step 2 - Scoring'!A35 -> UC25

Sheet (VIEW) Prism

Sheet Sandbox
C1: 0 | D1: 0
C3: Feas | D3: Busin | E3: UP F | F3: UP B | G3: Down F | H3: Down B | I3: Translated X | J3: Translated Y | M3: Sort | O3: THIS SHEET WILL STAY HIDDEN - HERE'S WHERE THE MAGIC HAPPENS
A4: 1 | B4: =INDEX('Step 2 - Scoring'!$A$11:$Q$35,MATCH(M4,'Step 2 - Scoring'!$Q$11:$Q$35,0),1) -> Example Use Case 1 | C4: =INDEX('Step 2 - Scoring'!$A$11:$Q$35,MATCH(M4,'Step 2 - Scoring'!$Q$11:$Q$35,0),16) -> 1.5714286 | D4: =INDEX('Step 2 - Scoring'!$A$11:$Q$35,MATCH(M4,'Step 2 - Scoring'!$Q$11:$Q$35,0),15) -> 2.4 | E4: =C4 -> 1.5714286 | F4: =D4 -> 2.4 | G4: =E4/4 -> 0.39285714 | H4: =D4/4 -> 0.6 | I4: =IF(AND(E4=0,F4=0),NA(),(E4*COS(PI()/4)-F4*(SIN(PI()/4)))/3) -> -0.19529616 | J4: =IF(AND(E4=0,F4=0),NA(),(E4*SIN(PI()/4)+F4*(COS(PI()/4)))/3) -> 0.93607469 | M4: =LARGE('Step 2 - Scoring'!$Q$11:$Q$35,N4) -> 3.9714296 | N4: 1
A5: 2 | B5: =INDEX('Step 2 - Scoring'!$A$11:$Q$35,MATCH(M5,'Step 2 - Scoring'!$Q$11:$Q$35,0),1) -> Example Use Case 2 | C5: =INDEX('Step 2 - Scoring'!$A$11:$Q$35,MATCH(M5,'Step 2 - Scoring'!$Q$11:$Q$35,0),16) -> 1 | D5: =INDEX('Step 2 - Scoring'!$A$11:$Q$35,MATCH(M5,'Step 2 - Scoring'!$Q$11:$Q$35,0),15) -> 1.2 | E5: =C5 -> 1 | F5: =D5 -> 1.2 | G5: =E5/4 -> 0.25 | H5: =D5/4 -> 0.3 | I5: =IF(AND(E5=0,F5=0),NA(),(E5*COS(PI()/4)-F5*(SIN(PI()/4)))/3) -> -0.047140452 | J5: =IF(AND(E5=0,F5=0),NA(),(E5*SIN(PI()/4)+F5*(COS(PI()/4)))/3) -> 0.51854497 | M5: =LARGE('Step 2 - Scoring'!$Q$11:$Q$35,N5) -> 2.2000005 | N5: 2
A6: 3 | B6: =INDEX('Step 2 - Scoring'!$A$11:$Q$35,MATCH(M6,'Step 2 - Scoring'!$Q$11:$Q$35,0),1) -> UC3 | C6: =INDEX('Step 2 - Scoring'!$A$11:$Q$35,MATCH(M6,'Step 2 - Scoring'!$Q$11:$Q$35,0),16) -> 0 | D6: =INDEX('Step 2 - Scoring'!$A$11:$Q$35,MATCH(M6,'Step 2 - Scoring'!$Q$11:$Q$35,0),15) -> 0 | E6: =C6 -> 0 | F6: =D6 -> 0 | G6: =E6/4 -> 0 | H6: =D6/4 -> 0 | I6: =IF(AND(E6=0,F6=0),NA(),(E6*COS(PI()/4)-F6*(SIN(PI()/4)))/3) -> #N/A | J6: =IF(AND(E6=0,F6=0),NA(),(E6*SIN(PI()/4)+F6*(COS(PI()/4)))/3) -> #N/A | M6: =LARGE('Step 2 - Scoring'!$Q$11:$Q$35,N6) -> 3.3333334e-07 | N6: 3
A7: 4 | B7: =INDEX('Step 2 - Scoring'!$A$11:$Q$35,MATCH(M7,'Step 2 - Scoring'!$Q$11:$Q$35,0),1) -> UC4 | C7: =INDEX('Step 2 - Scoring'!$A$11:$Q$35,MATCH(M7,'Step 2 - Scoring'!$Q$11:$Q$35,0),16) -> 0 | D7: =INDEX('Step 2 - Scoring'!$A$11:$Q$35,MATCH(M7,'Step 2 - Scoring'!$Q$11:$Q$35,0),15) -> 0 | E7: =C7 -> 0 | F7: =D7 -> 0 | G7: =E7/4 -> 0 | H7: =D7/4 -> 0 | I7: =IF(AND(E7=0,F7=0),NA(),(E7*COS(PI()/4)-F7*(SIN(PI()/4)))/3) -> #N/A | J7: =IF(AND(E7=0,F7=0),NA(),(E7*SIN(PI()/4)+F7*(COS(PI()/4)))/3) -> #N/A | M7: =LARGE('Step 2 - Scoring'!$Q$11:$Q$35,N7) -> 2.5000001e-07 | N7: 4
A8: 5 | B8: =INDEX('Step 2 - Scoring'!$A$11:$Q$35,MATCH(M8,'Step 2 - Scoring'!$Q$11:$Q$35,0),1) -> UC5 | C8: =INDEX('Step 2 - Scoring'!$A$11:$Q$35,MATCH(M8,'Step 2 - Scoring'!$Q$11:$Q$35,0),16) -> 0 | D8: =INDEX('Step 2 - Scoring'!$A$11:$Q$35,MATCH(M8,'Step 2 - Scoring'!$Q$11:$Q$35,0),15) -> 0 | E8: =C8 -> 0 | F8: =D8 -> 0 | G8: =E8/4 -> 0 | H8: =D8/4 -> 0 | I8: =IF(AND(E8=0,F8=0),NA(),(E8*COS(PI()/4)-F8*(SIN(PI()/4)))/3) -> #N/A | J8: =IF(AND(E8=0,F8=0),NA(),(E8*SIN(PI()/4)+F8*(COS(PI()/4)))/3) -> #N/A | M8: =LARGE('Step 2 - Scoring'!$Q$11:$Q$35,N8) -> 2.0000001e-07 | N8: 5
A9: 6 | B9: =INDEX('Step 2 - Scoring'!$A$11:$Q$35,MATCH(M9,'Step 2 - Scoring'!$Q$11:$Q$35,0),1) -> UC6 | C9: =INDEX('Step 2 - Scoring'!$A$11:$Q$35,MATCH(M9,'Step 2 - Scoring'!$Q$11:$Q$35,0),16) -> 0 | D9: =INDEX('Step 2 - Scoring'!$A$11:$Q$35,MATCH(M9,'Step 2 - Scoring'!$Q$11:$Q$35,0),15) -> 0 | E9: =C9 -> 0 | F9: =D9 -> 0 | G9: =E9/4 -> 0 | H9: =D9/4 -> 0 | I9: =IF(AND(E9=0,F9=0),NA(),(E9*COS(PI()/4)-F9*(SIN(PI()/4)))/3) -> #N/A | J9: =IF(AND(E9=0,F9=0),NA(),(E9*SIN(PI()/4)+F9*(COS(PI()/4)))/3) -> #N/A | M9: =LARGE('Step 2 - Scoring'!$Q$11:$Q$35,N9) -> 1.6666667e-07 | N9: 6
A10: 7 | B10: =INDEX('Step 2 - Scoring'!$A$11:$Q$35,MATCH(M10,'Step 2 - Scoring'!$Q$11:$Q$35,0),1) -> UC7 | C10: =INDEX('Step 2 - Scoring'!$A$11:$Q$35,MATCH(M10,'Step 2 - Scoring'!$Q$11:$Q$35,0),16) -> 0 | D10: =INDEX('Step 2 - Scoring'!$A$11:$Q$35,MATCH(M10,'Step 2 - Scoring'!$Q$11:$Q$35,0),15) -> 0 | E10: =C10 -> 0 | F10: =D10 -> 0 | G10: =E10/4 -> 0 | H10: =D10/4 -> 0 | I10: =IF(AND(E10=0,F10=0),NA(),(E10*COS(PI()/4)-F10*(SIN(PI()/4)))/3) -> #N/A | J10: =IF(AND(E10=0,F10=0),NA(),(E10*SIN(PI()/4)+F10*(COS(PI()/4)))/3) -> #N/A | M10: =LARGE('Step 2 - Scoring'!$Q$11:$Q$35,N10) -> 1.4285714e-07 | N10: 7
A11: 8 | B11: =INDEX('Step 2 - Scoring'!$A$11:$Q$35,MATCH(M11,'Step 2 - Scoring'!$Q$11:$Q$35,0),1) -> UC8 | C11: =INDEX('Step 2 - Scoring'!$A$11:$Q$35,MATCH(M11,'Step 2 - Scoring'!$Q$11:$Q$35,0),16) -> 0 | D11: =INDEX('Step 2 - Scoring'!$A$11:$Q$35,MATCH(M11,'Step 2 - Scoring'!$Q$11:$Q$35,0),15) -> 0 | E11: =C11 -> 0 | F11: =D11 -> 0 | G11: =E11/4 -> 0 | H11: =D11/4 -> 0 | I11: =IF(AND(E11=0,F11=0),NA(),(E11*COS(PI()/4)-F11*(SIN(PI()/4)))/3) -> #N/A | J11: =IF(AND(E11=0,F11=0),NA(),(E11*SIN(PI()/4)+F11*(COS(PI()/4)))/3) -> #N/A | M11: =LARGE('Step 2 - Scoring'!$Q$11:$Q$35,N11) -> 1.2500001e-07 | N11: 8
A12: 9 | B12: =INDEX('Step 2 - Scoring'!$A$11:$Q$35,MATCH(M12,'Step 2 - Scoring'!$Q$11:$Q$35,0),1) -> UC9 | C12: =INDEX('Step 2 - Scoring'!$A$11:$Q$35,MATCH(M12,'Step 2 - Scoring'!$Q$11:$Q$35,0),16) -> 0 | D12: =INDEX('Step 2 - Scoring'!$A$11:$Q$35,MATCH(M12,'Step 2 - Scoring'!$Q$11:$Q$35,0),15) -> 0 | E12: =C12 -> 0 | F12: =D12 -> 0 | G12: =E12/4 -> 0 | H12: =D12/4 -> 0 | I12: =IF(AND(E12=0,F12=0),NA(),(E12*COS(PI()/4)-F12*(SIN(PI()/4)))/3) -> #N/A | J12: =IF(AND(E12=0,F12=0),NA(),(E12*SIN(PI()/4)+F12*(COS(PI()/4)))/3) -> #N/A | M12: =LARGE('Step 2 - Scoring'!$Q$11:$Q$35,N12) -> 1.1111111e-07 | N12: 9
A13: 10 | B13: =INDEX('Step 2 - Scoring'!$A$11:$Q$35,MATCH(M13,'Step 2 - Scoring'!$Q$11:$Q$35,0),1) -> UC10 | C13: =INDEX('Step 2 - Scoring'!$A$11:$Q$35,MATCH(M13,'Step 2 - Scoring'!$Q$11:$Q$35,0),16) -> 0 | D13: =INDEX('Step 2 - Scoring'!$A$11:$Q$35,MATCH(M13,'Step 2 - Scoring'!$Q$11:$Q$35,0),15) -> 0 | E13: =C13 -> 0 | F13: =D13 -> 0 | G13: =E13/4 -> 0 | H13: =D13/4 -> 0 | I13: =IF(AND(E13=0,F13=0),NA(),(E13*COS(PI()/4)-F13*(SIN(PI()/4)))/3) -> #N/A | J13: =IF(AND(E13=0,F13=0),NA(),(E13*SIN(PI()/4)+F13*(COS(PI()/4)))/3) -> #N/A | M13: =LARGE('Step 2 - Scoring'!$Q$11:$Q$35,N13) -> 1e-07 | N13: 10
A14: 11 | B14: =INDEX('Step 2 - Scoring'!$A$11:$Q$35,MATCH(M14,'Step 2 - Scoring'!$Q$11:$Q$35,0),1) -> UC11 | C14: =INDEX('Step 2 - Scoring'!$A$11:$Q$35,MATCH(M14,'Step 2 - Scoring'!$Q$11:$Q$35,0),16) -> 0 | D14: =INDEX('Step 2 - Scoring'!$A$11:$Q$35,MATCH(M14,'Step 2 - Scoring'!$Q$11:$Q$35,0),15) -> 0 | E14: =C14 -> 0 | F14: =D14 -> 0 | G14: =E14/4 -> 0 | H14: =D14/4 -> 0 | I14: =IF(AND(E14=0,F14=0),NA(),(E14*COS(PI()/4)-F14*(SIN(PI()/4)))/3) -> #N/A | J14: =IF(AND(E14=0,F14=0),NA(),(E14*SIN(PI()/4)+F14*(COS(PI()/4)))/3) -> #N/A | M14: =LARGE('Step 2 - Scoring'!$Q$11:$Q$35,N14) -> 9.0909094e-08 | N14: 11
A15: 12 | B15: =INDEX('Step 2 - Scoring'!$A$11:$Q$35,MATCH(M15,'Step 2 - Scoring'!$Q$11:$Q$35,0),1) -> UC12 | C15: =INDEX('Step 2 - Scoring'!$A$11:$Q$35,MATCH(M15,'Step 2 - Scoring'!$Q$11:$Q$35,0),16) -> 0 | D15: =INDEX('Step 2 - Scoring'!$A$11:$Q$35,MATCH(M15,'Step 2 - Scoring'!$Q$11:$Q$35,0),15) -> 0 | E15: =C15 -> 0 | F15: =D15 -> 0 | G15: =E15/4 -> 0 | H15: =D15/4 -> 0 | I15: =IF(AND(E15=0,F15=0),NA(),(E15*COS(PI()/4)-F15*(SIN(PI()/4)))/3) -> #N/A | J15: =IF(AND(E15=0,F15=0),NA(),(E15*SIN(PI()/4)+F15*(COS(PI()/4)))/3) -> #N/A | M15: =LARGE('Step 2 - Scoring'!$Q$11:$Q$35,N15) -> 8.3333335e-08 | N15: 12
... A28: 25 | B28: =INDEX('Step 2 - Scoring'!$A$11:$Q$35,MATCH(M28,'Step 2 - Scoring'!$Q$11:$Q$35,0),1) -> UC25 | C28: =INDEX('Step 2 - Scoring'!$A$11:$Q$35,MATCH(M28,'Step 2 - Scoring'!$Q$11:$Q$35,0),16) -> 0 | D28: =INDEX('Step 2 - Scoring'!$A$11:$Q$35,MATCH(M28,'Step 2 - Scoring'!$Q$11:$Q$35,0),15) -> 0 | E28: =C28 -> 0 | F28: =D28 -> 0 | G28: =E28/4 -> 0 | H28: =D28/4 -> 0 | I28: =IF(AND(E28=0,F28=0),NA(),(E28*COS(PI()/4)-F28*(SIN(PI()/4)))/3) -> #N/A | J28: =IF(AND(E28=0,F28=0),NA(),(E28*SIN(PI()/4)+F28*(COS(PI()/4)))/3) -> #N/A | M28: =LARGE('Step 2 - Scoring'!$Q$11:$Q$35,N28) -> 4.0000002e-08 | N28: 25
U38: 1 | W38: =VLOOKUP(U38,$A:$B,2,FALSE) -> Example Use Case 1 | X38: =OR(W38="UC"&U38,W38=0,ISBLANK(W38)) -> FALSE | Y38: 6 | AA38: =VLOOKUP(Y38,$A:$B,2,FALSE) -> UC6 | AB38: =OR(AA38="UC"&Y38,AA38=0,ISBLANK(AA38)) -> TRUE | AC38: 11 | AE38: =VLOOKUP(AC38,$A:$B,2,FALSE) -> UC11 | AF38: =OR(AE38="UC"&AC38,AE38=0,ISBLANK(AE38)) -> TRUE | AG38: 16 | AI38: =VLOOKUP(AG38,$A:$B,2,FALSE) -> UC16 | AJ38: =OR(AI38="UC"&AG38,AI38=0,ISBLANK(AI38)) -> TRUE | AK38: 21 | AM38: =VLOOKUP(AK38,$A:$B,2,FALSE) -> UC21 | AN38: =OR(AM38="UC"&AK38,AM38=0,ISBLANK(AM38)) -> TRUE
U39: 2 | W39: =VLOOKUP(U39,$A:$B,2,FALSE) -> Example Use Case 2 | X39: =OR(W39="UC"&U39,W39=0,ISBLANK(W39)) -> FALSE | Y39: 7 | AA39: =VLOOKUP(Y39,$A:$B,2,FALSE) -> UC7 | AB39: =OR(AA39="UC"&Y39,AA39=0,ISBLANK(AA39)) -> TRUE | AC39: 12 | AE39: =VLOOKUP(AC39,$A:$B,2,FALSE) -> UC12 | AF39: =OR(AE39="UC"&AC39,AE39=0,ISBLANK(AE39)) -> TRUE | AG39: 17 | AI39: =VLOOKUP(AG39,$A:$B,2,FALSE) -> UC17 | AJ39: =OR(AI39="UC"&AG39,AI39=0,ISBLANK(AI39)) -> TRUE | AK39: 22 | AM39: =VLOOKUP(AK39,$A:$B,2,FALSE) -> UC22 | AN39: =OR(AM39="UC"&AK39,AM39=0,ISBLANK(AM39)) -> TRUE
U40: 3 | W40: =VLOOKUP(U40,$A:$B,2,FALSE) -> UC3 | X40: =OR(W40="UC"&U40,W40=0,ISBLANK(W40)) -> TRUE | Y40: 8 | AA40: =VLOOKUP(Y40,$A:$B,2,FALSE) -> UC8 | AB40: =OR(AA40="UC"&Y40,AA40=0,ISBLANK(AA40)) -> TRUE | AC40: 13 | AE40: =VLOOKUP(AC40,$A:$B,2,FALSE) -> UC13 | AF40: =OR(AE40="UC"&AC40,AE40=0,ISBLANK(AE40)) -> TRUE | AG40: 18 | AI40: =VLOOKUP(AG40,$A:$B,2,FALSE) -> UC18 | AJ40: =OR(AI40="UC"&AG40,AI40=0,ISBLANK(AI40)) -> TRUE | AK40: 23 | AM40: =VLOOKUP(AK40,$A:$B,2,FALSE) -> UC23 | AN40: =OR(AM40="UC"&AK40,AM40=0,ISBLANK(AM40)) -> TRUE
U41: 4 | W41: =VLOOKUP(U41,$A:$B,2,FALSE) -> UC4 | X41: =OR(W41="UC"&U41,W41=0,ISBLANK(W41)) -> TRUE | Y41: 9 | AA41: =VLOOKUP(Y41,$A:$B,2,FALSE) -> UC9 | AB41: =OR(AA41="UC"&Y41,AA41=0,ISBLANK(AA41)) -> TRUE | AC41: 14 | AE41: =VLOOKUP(AC41,$A:$B,2,FALSE) -> UC14 | AF41: =OR(AE41="UC"&AC41,AE41=0,ISBLANK(AE41)) -> TRUE | AG41: 19 | AI41: =VLOOKUP(AG41,$A:$B,2,FALSE) -> UC19 | AJ41: =OR(AI41="UC"&AG41,AI41=0,ISBLANK(AI41)) -> TRUE | AK41: 24 | AM41: =VLOOKUP(AK41,$A:$B,2,FALSE) -> UC24 | AN41: =OR(AM41="UC"&AK41,AM41=0,ISBLANK(AM41)) -> TRUE
U42: 5 | W42: =VLOOKUP(U42,$A:$B,2,FALSE) -> UC5 | X42: =OR(W42="UC"&U42,W42=0,ISBLANK(W42)) -> TRUE | Y42: 10 | AA42: =VLOOKUP(Y42,$A:$B,2,FALSE) -> UC10 | AB42: =OR(AA42="UC"&Y42,AA42=0,ISBLANK(AA42)) -> TRUE | AC42: 15 | AE42: =VLOOKUP(AC42,$A:$B,2,FALSE) -> UC15 | AF42: =OR(AE42="UC"&AC42,AE42=0,ISBLANK(AE42)) -> TRUE | AG42: 20 | AI42: =VLOOKUP(AG42,$A:$B,2,FALSE) -> UC20 | AJ42: =OR(AI42="UC"&AG42,AI42=0,ISBLANK(AI42)) -> TRUE | AK42: 25 | AM42: =VLOOKUP(AK42,$A:$B,2,FALSE) -> UC25 | AN42: =OR(AM42="UC"&AK42,AM42=0,ISBLANK(AM42)) -> TRUE

Sheet Version History
C5: Version Name | D5: Date | E5: Changes Made
C6: v5 | D6: 14th September, 2020 | E6: - Factor Description - Fix the labels - Fix plotting (not showing numbers etc) - Added page breaks for download for peer review - Other visual tweaks
C7: v5.1
